-- MySQL dump 10.13  Distrib 8.0.28, for Win64 (x86_64)
--
-- Host: localhost    Database: mlb
-- ------------------------------------------------------
-- Server version	8.0.28

/*!40101 SET @OLD_CHARACTER_SET_CLIENT=@@CHARACTER_SET_CLIENT */;
/*!40101 SET @OLD_CHARACTER_SET_RESULTS=@@CHARACTER_SET_RESULTS */;
/*!40101 SET @OLD_COLLATION_CONNECTION=@@COLLATION_CONNECTION */;
/*!50503 SET NAMES utf8 */;
/*!40103 SET @OLD_TIME_ZONE=@@TIME_ZONE */;
/*!40103 SET TIME_ZONE='+00:00' */;
/*!40014 SET @OLD_UNIQUE_CHECKS=@@UNIQUE_CHECKS, UNIQUE_CHECKS=0 */;
/*!40014 SET @OLD_FOREIGN_KEY_CHECKS=@@FOREIGN_KEY_CHECKS, FOREIGN_KEY_CHECKS=0 */;
/*!40101 SET @OLD_SQL_MODE=@@SQL_MODE, SQL_MODE='NO_AUTO_VALUE_ON_ZERO' */;
/*!40111 SET @OLD_SQL_NOTES=@@SQL_NOTES, SQL_NOTES=0 */;

--
-- Table structure for table `advancedstats`
--

DROP TABLE IF EXISTS `advancedstats`;
/*!40101 SET @saved_cs_client     = @@character_set_client */;
/*!50503 SET character_set_client = utf8mb4 */;
CREATE TABLE `advancedstats` (
  `pitch_id` int NOT NULL AUTO_INCREMENT,
  `hitter_id` int NOT NULL,
  `pitcher_id` int NOT NULL,
  `velocity` float NOT NULL,
  `exit_speed` float DEFAULT NULL,
  `launch_angle` float DEFAULT NULL,
  PRIMARY KEY (`pitch_id`),
  KEY `advancedStats_fk_hitter` (`hitter_id`),
  KEY `advancedStats_fk_pitcher` (`pitcher_id`),
  CONSTRAINT `advancedStats_fk_hitter` FOREIGN KEY (`hitter_id`) REFERENCES `player` (`player_id`) ON DELETE RESTRICT ON UPDATE RESTRICT,
  CONSTRAINT `advancedStats_fk_pitcher` FOREIGN KEY (`pitcher_id`) REFERENCES `player` (`player_id`) ON DELETE RESTRICT ON UPDATE RESTRICT
) ENGINE=InnoDB AUTO_INCREMENT=4486 DEFAULT CHARSET=utf8mb4 COLLATE=utf8mb4_0900_ai_ci;
/*!40101 SET character_set_client = @saved_cs_client */;

--
-- Dumping data for table `advancedstats`
--

LOCK TABLES `advancedstats` WRITE;
/*!40000 ALTER TABLE `advancedstats` DISABLE KEYS */;
INSERT INTO `advancedstats` VALUES (34,15,17,89.4,0,0),(35,15,17,90.2,68.5,67),(36,15,17,82.8,0,0),(37,15,17,88.5,0,0),(38,15,17,92.1,0,0),(39,15,17,92.7,0,0),(40,15,17,89.1,0,0),(41,15,17,89.5,0,0),(42,15,17,80.5,70.9,-2),(43,15,17,91.3,0,0),(44,15,17,94.2,0,0),(45,15,17,92.5,0,0),(46,15,17,92.3,0,0),(47,15,17,93.8,0,0),(48,15,17,80.8,101.8,18),(49,15,17,81.6,0,0),(50,15,17,91.1,0,0),(51,15,17,93.7,0,0),(52,15,17,81.1,0,0),(53,15,17,89.7,89.3,60),(54,15,17,79.9,86,-34),(55,15,17,93.5,0,0),(56,15,17,79.6,0,0),(57,15,17,80.7,0,0),(58,15,17,81.2,0,0),(59,15,17,93.3,78.9,-26),(60,15,17,87.4,0,0),(61,15,17,86.9,0,0),(62,15,17,94,0,0),(63,15,17,86.1,0,0),(64,15,17,93.5,105.1,35),(65,15,17,93.4,0,0),(66,15,17,79.2,0,0),(67,15,17,93.2,0,0),(68,15,17,87.1,0,0),(69,15,17,83.4,42.7,-34),(70,15,17,84.1,0,0),(71,15,17,85.4,0,0),(72,15,17,82.5,82.4,21),(73,15,17,82.7,0,0),(74,15,17,80.3,0,0),(75,15,17,80.6,100.3,2),(76,15,17,81.9,0,0),(77,15,17,91.1,54.5,-50),(78,15,17,91.4,0,0),(79,15,17,91.8,0,0),(80,15,17,81.4,0,0),(81,15,17,98.4,87.5,-50),(82,15,17,90.6,0,0),(83,15,17,98.2,0,0),(84,15,10,93.4,75,-23),(85,15,10,93,0,0),(86,15,17,93.7,72.6,30),(87,15,17,92.8,0,0),(88,15,17,88.1,0,0),(89,15,17,91.6,0,0),(90,15,17,95.7,0,0),(91,15,17,85.3,0,0),(92,15,17,85,0,0),(93,15,17,96.3,0,0),(94,15,17,83.5,97.3,13),(95,15,17,80.7,59.5,47),(96,15,17,80,0,0),(97,15,17,92.6,0,0),(98,15,17,86.6,86.7,46),(99,15,17,84.4,0,0),(100,15,17,85.4,76,-59),(101,15,17,91.9,0,0),(102,15,17,83.6,0,0),(103,15,17,87.5,0,0),(104,15,17,93.8,72.2,33),(105,15,17,82.8,87,-22),(106,15,17,86.9,68.6,19),(107,15,17,92.5,79.6,12),(108,15,17,86.8,0,0),(109,15,17,84,0,0),(110,15,17,86.5,94.1,17),(111,15,17,96.6,76.3,39),(112,15,17,96.6,77.2,52),(113,15,17,88.4,0,0),(114,15,17,96.8,0,0),(115,15,17,87.9,0,0),(116,15,17,89.6,91.9,41),(117,15,17,86,0,0),(118,15,17,88.3,0,0),(119,15,17,70.2,0,0),(120,15,17,87.6,0,0),(121,15,17,88.9,0,0),(122,15,17,87.3,58.4,-27),(123,15,17,93.6,0,0),(124,15,17,88.8,53,-2),(125,15,17,81,0,0),(126,15,17,89.9,83.5,-16),(127,15,17,79.7,0,0),(128,15,17,88,0,0),(129,15,17,86.8,89.9,-10),(130,15,17,85.2,0,0),(131,15,17,86.6,0,0),(132,15,17,93.6,92.8,30),(133,15,17,93.1,0,0),(134,15,17,84.8,29.9,-60),(135,15,17,83.8,0,0),(136,15,17,91.5,0,0),(137,15,17,83.9,69.8,-27),(138,15,17,90.6,72.4,47),(139,15,17,80.5,0,0),(140,15,17,80.9,0,0),(141,15,17,84.5,87.2,-18),(142,15,17,84.1,99.6,-25),(143,15,17,90.8,81,-24),(144,15,17,83.7,0,0),(145,15,17,90.3,0,0),(146,15,17,80,101.1,17),(147,15,17,91.1,79.4,-14),(148,15,17,90,0,0),(149,15,17,94.6,0,0),(150,15,17,95.7,83.4,73),(151,15,17,77.9,58.6,69),(152,15,17,79,0,0),(153,15,17,76.6,0,0),(154,15,17,78.2,79.2,-35),(155,15,17,85.1,0,0),(156,15,17,86.2,0,0),(157,15,17,99.4,0,0),(158,15,17,84,85.9,-36),(159,15,17,99.6,0,0),(160,15,17,88.6,0,0),(161,15,17,99,0,0),(162,15,17,89.6,83.8,25),(163,15,17,90.4,0,0),(164,15,17,90.5,0,0),(165,15,17,90.1,0,0),(166,15,17,83.1,0,0),(167,15,17,87.7,73.5,-27),(168,15,17,82.1,87.2,13),(169,15,17,84.6,0,0),(170,15,17,81.5,0,0),(171,15,17,84.9,0,0),(172,15,17,89,79.5,55),(173,15,17,81.2,84.2,36),(174,15,17,75.8,78.1,68),(175,15,17,82.5,73.9,24),(176,15,17,76.3,0,0),(177,15,17,75.2,0,0),(178,15,17,88.7,0,0),(179,15,17,83,99.3,4),(180,15,17,76.9,98.8,32),(181,15,17,94.6,72.9,27),(182,15,17,94.7,0,0),(183,15,17,45.8,89.1,1),(184,15,17,95.4,0,0),(185,15,17,76.8,0,0),(186,15,17,90.1,81.9,-46),(187,15,17,91.9,86.7,5),(188,15,17,91.5,75.2,-21),(189,15,17,90.4,109.8,10),(190,15,17,93.7,93.2,30),(191,15,17,94.8,75.5,55),(192,15,17,94.1,0,0),(193,15,17,92.9,0,0),(194,15,17,93.3,0,0),(195,15,17,91.5,90.4,9),(196,15,17,92.2,0,0),(197,15,17,82.2,62.5,38),(198,15,17,82.4,70.9,56),(199,15,17,91.4,92.7,-24),(200,15,17,98.2,98.8,35),(201,15,17,98.1,82,69),(202,15,17,97.3,0,0),(203,15,17,98.6,0,0),(204,15,17,84.6,94.2,-20),(205,15,17,78.7,96.1,-10),(206,15,17,77.7,0,0),(207,15,17,95.3,80.3,-47),(208,15,17,96.2,0,0),(209,15,17,88.2,0,0),(210,15,17,94.8,64.6,-55),(211,15,17,78.5,0,0),(212,15,17,78.4,0,0),(213,15,17,96.4,0,0),(214,15,17,94.8,0,0),(215,15,17,95.6,0,0),(216,8,17,91.1,88.2,55),(217,8,17,91.1,0,0),(218,8,17,79.1,94.6,50),(219,8,17,91.9,0,0),(220,8,17,85.4,0,0),(221,8,17,87.7,0,0),(222,8,17,91.8,103.3,-3),(223,8,17,95.1,78.4,21),(224,8,17,87.1,0,0),(225,8,17,83.2,0,0),(226,8,17,95.1,0,0),(227,8,17,92.3,92.9,62),(228,8,17,91.6,0,0),(229,8,17,81.2,0,0),(230,8,17,85.2,0,0),(231,8,17,87.5,0,0),(232,8,17,92.1,71.9,33),(233,8,17,82.3,92.6,31),(234,8,17,84.2,0,0),(235,8,17,86.9,0,0),(236,8,17,85.6,71,77),(237,8,17,93,0,0),(238,8,17,81.4,0,0),(239,8,17,86.5,0,0),(240,8,17,86.7,0,0),(241,8,17,91.7,0,0),(242,8,17,89.7,85,42),(243,8,17,89.5,0,0),(244,8,17,99.9,0,0),(245,8,17,83.3,85,26),(246,8,17,91.8,0,0),(247,8,17,93.9,0,0),(248,8,17,91.5,0,0),(249,8,17,94.2,0,0),(250,8,17,84.2,87.8,61),(251,8,17,82.8,68.1,46),(252,8,17,95.6,0,0),(253,8,17,91.5,73,29),(254,8,17,93.1,0,0),(255,8,17,84.8,0,0),(256,8,17,85.8,0,0),(257,8,17,92.6,0,0),(258,8,17,96.6,0,0),(259,8,17,83.9,0,0),(260,8,17,90.3,60.8,34),(261,8,17,85.3,0,0),(262,8,17,85.6,0,0),(263,8,17,90.6,0,0),(264,8,17,85.2,54.3,-10),(265,8,17,84.6,0,0),(266,8,17,89.6,0,0),(267,8,17,83.3,82.2,13),(268,8,17,100.2,91.1,-3),(269,8,17,92.7,0,0),(270,8,17,101,0,0),(271,8,17,89.1,99,15),(272,8,17,82.7,0,0),(273,8,17,87.4,0,0),(274,8,17,94.4,0,0),(275,8,17,82.8,0,0),(276,8,17,84.7,67.4,49),(277,8,17,86.4,0,0),(278,8,17,97.3,102.7,38),(279,8,17,75.9,0,0),(280,8,17,93.5,0,0),(281,8,17,92.4,0,0),(282,8,17,77.9,0,0),(283,8,17,77.2,0,0),(284,8,17,93.9,105.4,23),(285,8,17,92.9,0,0),(286,8,17,80.2,0,0),(287,8,17,82.8,103.7,4),(288,8,17,93.7,0,0),(289,8,17,92.2,0,0),(290,8,17,83.3,0,0),(291,8,17,94.1,0,0),(292,8,17,72.2,0,0),(293,8,17,93.8,0,0),(294,8,17,81.7,0,0),(295,8,17,95.3,104.1,-13),(296,8,17,95.1,103,18),(297,8,17,86.4,73,58),(298,8,17,97.5,0,0),(299,8,17,84.1,0,0),(300,8,17,96.8,0,0),(301,8,17,96,0,0),(302,8,17,98.1,0,0),(303,8,17,96.2,0,0),(304,8,17,78.9,0,0),(305,8,17,96.4,0,0),(306,8,17,95.7,0,0),(307,8,17,95.2,0,0),(308,8,17,91.1,100.3,-2),(309,8,17,91.4,0,0),(310,8,17,89.6,107.3,12),(311,8,17,82.4,0,0),(312,8,17,90.9,0,0),(313,8,17,90.1,0,0),(314,8,17,90.3,0,0),(315,8,17,81.9,0,0),(316,8,17,80.8,0,0),(317,8,17,80.1,0,0),(318,8,17,82.5,0,0),(319,8,17,93.6,0,0),(320,8,17,77,0,0),(321,8,17,76.4,0,0),(322,8,17,91.1,104.9,9),(323,8,17,82.1,41.2,-50),(324,8,17,89.2,105.9,8),(325,8,17,77.6,0,0),(326,8,17,87.8,0,0),(327,8,17,85,95.9,-7),(328,8,17,92.2,106.7,-4),(329,8,17,63.4,0,0),(330,8,17,62.8,0,0),(331,8,17,59.6,0,0),(332,8,17,56.6,0,0),(333,8,17,52.2,0,0),(334,8,17,50.6,0,0),(335,8,17,89.8,0,0),(336,8,17,71.5,102.7,32),(337,8,17,93.7,94.3,78),(338,8,17,70.8,0,0),(339,8,17,91.3,86.4,57),(340,8,17,95.6,72.4,26),(341,8,17,85,71.1,51),(342,8,17,95.4,64.7,53),(343,8,17,93.4,0,0),(344,8,17,94.8,0,0),(345,8,17,85.2,101.7,0),(346,8,17,85,0,0),(347,8,17,90.7,96.5,80),(348,8,17,92.4,81.3,-23),(349,8,17,91.3,0,0),(350,8,17,82,0,0),(351,8,17,86.2,86.5,54),(352,8,17,100.8,80.4,16),(353,8,17,99.5,0,0),(354,8,17,85.9,0,0),(355,8,17,86.1,0,0),(356,8,17,83.2,77.9,45),(357,8,17,82.6,0,0),(358,8,17,86.2,108,15),(359,8,17,84.7,80.9,60),(360,8,17,80.7,93,49),(361,8,17,91,0,0),(362,8,17,80.7,0,0),(363,8,17,80.1,66.2,26),(364,8,17,81,0,0),(365,8,17,93.5,95,30),(366,8,17,84,79.6,60),(367,8,17,88.8,103.8,36),(368,8,17,88.7,0,0),(369,8,17,94.2,99.6,45),(370,8,17,81.1,0,0),(371,8,17,88,0,0),(372,8,17,88.1,0,0),(373,8,17,86.2,0,0),(374,8,17,76.7,0,0),(375,8,17,85.1,0,0),(376,8,17,84.4,40.9,-30),(377,8,17,82.9,0,0),(378,8,17,83,0,0),(379,8,17,93.3,0,0),(380,8,17,81.5,82.8,14),(381,8,17,83.7,30.4,-24),(382,8,17,85.5,0,0),(383,8,17,96,82.8,10),(384,8,17,95.4,91.2,71),(385,8,17,84.7,0,0),(386,8,17,84,0,0),(387,8,17,88.2,0,0),(388,8,17,93.1,79.6,45),(389,8,17,81.8,0,0),(390,8,17,90.7,106.6,-2),(391,4,17,89.9,82.1,-10),(392,4,17,89.9,0,0),(393,4,17,86,0,0),(394,4,17,83.5,0,0),(395,4,17,97,97.8,37),(396,4,17,90.1,0,0),(397,4,17,94.7,0,0),(398,4,17,87.9,82.2,-12),(399,4,17,82.8,0,0),(400,4,17,89.5,106.4,-20),(401,4,17,93.3,0,0),(402,4,17,89,100.8,11),(403,4,17,96.6,0,0),(404,4,17,83.4,0,0),(405,4,17,89.2,0,0),(406,4,17,94.2,0,0),(407,4,17,94.8,0,0),(408,4,17,92,80.1,39),(409,4,17,85.8,0,0),(410,4,17,91.3,0,0),(411,4,17,94.3,75.1,33),(412,4,17,93.4,0,0),(413,4,17,93.9,0,0),(414,4,17,84.4,0,0),(415,4,17,84,71,-36),(416,4,17,77.1,0,0),(417,4,17,87.9,0,0),(418,4,17,98,71.4,37),(419,4,17,86.2,0,0),(420,4,17,83,0,0),(421,4,17,86.8,0,0),(422,4,17,90.7,0,0),(423,4,17,94.9,75.1,62),(424,4,17,84.2,0,0),(425,4,17,79.3,74,-21),(426,4,17,84.2,109.3,0),(427,4,17,79.6,0,0),(428,4,17,95.9,0,0),(429,4,17,94.5,0,0),(430,4,17,90.1,107.1,9),(431,4,17,91.1,0,0),(432,4,17,80.7,62.6,72),(433,4,17,79.1,0,0),(434,4,17,82,86.7,46),(435,4,17,82.1,0,0),(436,4,17,90.6,0,0),(437,4,17,88.8,0,0),(438,4,17,76.2,0,-48),(439,4,17,77.4,0,0),(440,4,17,97.7,0,0),(441,4,17,82.1,94.3,56),(442,4,17,87.6,0,0),(443,4,17,90.5,66.7,-52),(444,4,17,92.1,69.5,48),(445,4,17,81.7,85.8,-16),(446,4,17,85.4,0,0),(447,4,17,80.9,75.3,-30),(448,4,17,91.5,0,0),(449,4,17,91.4,0,0),(450,4,17,77.3,71.9,3),(451,4,17,91.9,102.3,13),(452,4,17,75.6,0,0),(453,4,17,96.5,87.2,-27),(454,4,17,78.5,83.5,57),(455,4,17,93.1,0,0),(456,4,17,84.7,0,0),(457,4,17,89,98.1,27),(458,4,17,89,0,0),(459,4,17,76.9,0,0),(460,4,17,90.4,0,0),(461,4,17,93,84.6,48),(462,4,17,82.9,0,0),(463,4,17,81.4,0,0),(464,4,17,81.7,0,0),(465,4,17,84.1,0,0),(466,4,17,94.5,73.1,6),(467,4,17,94,0,0),(468,4,17,76.8,0,0),(469,4,17,94.4,0,0),(470,4,17,77.6,0,0),(471,4,17,81.7,84.9,26),(472,4,17,82.4,0,0),(473,4,17,93.6,71.7,49),(474,4,17,95.3,0,0),(475,4,17,95.6,0,0),(476,4,17,94.1,0,0),(477,4,17,96.1,90.8,-2),(478,4,17,88,0,0),(479,4,17,95.3,81.8,51),(480,4,17,87.7,0,0),(481,4,17,95.2,72.7,42),(482,4,17,95.4,57.9,-57),(483,4,17,82.5,0,0),(484,4,17,95.5,0,0),(485,4,17,94.2,98.8,23),(486,4,17,93.5,0,0),(487,4,17,94.9,0,0),(488,4,17,85.6,0,0),(489,4,17,86.2,75.6,47),(490,4,17,91.8,100,9),(491,4,17,94.6,0,0),(492,4,17,86,58,-7),(493,4,17,94.3,0,0),(494,4,17,84.6,0,0),(495,4,17,91.2,0,0),(496,4,17,83.8,0,0),(497,4,17,84.5,0,0),(498,4,17,85.7,0,0),(499,4,17,84.1,66.2,36),(500,4,17,95.1,0,0),(501,4,17,85.3,0,0),(502,4,17,86.6,82.4,-29),(503,4,17,75.2,0,0),(504,4,17,83.5,76.5,-34),(505,4,17,85.5,0,0),(506,4,17,93.1,107,-2),(507,4,17,92.4,0,0),(508,4,17,89.8,0,0),(509,4,17,96.3,0,0),(510,4,17,77.8,105.3,-1),(511,4,17,96,0,0),(512,4,17,80.6,71.7,74),(513,4,17,80.4,0,0),(514,4,17,88.6,0,0),(515,4,17,86.3,0,0),(516,4,17,92.8,84.6,-38),(517,4,17,89.4,80.9,10),(518,4,17,73.2,36.1,21),(519,4,17,92.8,73.1,39),(520,4,17,88.9,66.8,-31),(521,4,17,88,83.2,5),(522,4,17,91,0,0),(523,4,17,70.3,76.9,34),(524,4,17,70.9,0,0),(525,4,17,84.9,57.3,-32),(526,4,17,85.3,85.6,-18),(527,4,17,77.2,0,0),(528,4,17,84.6,102.5,12),(529,4,17,87.4,0,0),(530,4,17,92,0,0),(531,4,17,80.9,64.5,-47),(532,4,17,79.4,0,0),(533,4,17,90.5,0,0),(534,4,17,94.4,62.4,37),(535,4,17,95.4,0,0),(536,4,17,81.3,93.4,37),(537,4,17,96.2,74.7,13),(538,4,17,81.8,0,0),(539,4,17,94.6,87.7,-49),(540,4,17,93.7,0,-61),(541,4,17,93.2,100.7,35),(542,4,17,79.9,0,0),(543,4,17,73.8,80.3,1),(544,4,17,90.7,92.9,37),(545,4,17,75.2,103.3,7),(546,4,17,76.3,0,0),(547,4,17,95.8,0,0),(548,4,17,97.9,94.7,-2),(549,4,17,99,0,0),(550,4,17,88.1,0,0),(551,4,17,96.9,90,-40),(552,4,17,82.2,80.4,43),(553,4,17,95.6,74.5,40),(554,4,17,83.2,0,0),(555,4,17,97.2,0,0),(556,4,17,96.5,0,0),(557,4,17,87.4,101.9,-1),(558,4,17,80.7,0,0),(559,4,17,80.6,0,0),(560,4,17,90.5,101.9,42),(561,4,17,96.9,0,0),(562,4,17,83.6,0,0),(563,4,17,92,87,67),(564,4,17,89.9,106.2,0),(565,4,17,97.5,0,0),(566,4,17,72.9,0,0),(567,4,17,89.7,85.6,68),(568,4,17,84.8,0,0),(569,4,17,91.8,0,0),(570,4,17,86.7,0,0),(571,4,17,96.4,99.1,-22),(572,4,17,85.9,72.1,-28),(573,4,17,86.5,0,0),(574,4,17,96.2,76.6,52),(575,4,17,97,0,0),(576,4,17,83.4,61.6,30),(577,4,17,93.3,67.3,70),(578,4,17,93.2,0,0),(579,4,17,89.1,99.2,-8),(580,4,17,89.5,0,0),(581,4,17,91.5,100.5,24),(582,4,17,79.1,61.3,32),(583,4,17,84,71.1,-45),(584,4,17,93,0,0),(585,4,17,92.5,77.4,15),(586,4,17,85.2,0,0),(587,4,17,95.9,105.9,6),(588,4,17,89.4,0,0),(589,4,17,88.3,0,0),(590,4,17,94.8,72.2,33),(591,4,17,87.9,97.1,-8),(592,4,17,96.2,0,0),(593,4,17,96.2,75.7,-22),(594,4,17,85.1,0,0),(595,4,17,89.6,0,0),(596,4,17,96.4,0,0),(597,7,17,82,88.3,-27),(598,7,17,93.4,69.9,31),(599,7,17,93.8,0,0),(600,7,17,82.7,64.8,47),(601,7,17,95.7,0,0),(602,7,17,86,0,0),(603,7,17,83.9,0,0),(604,7,17,85.4,0,0),(605,7,17,94.2,0,0),(606,7,17,92.5,91.2,10),(607,7,17,92.3,0,0),(608,7,17,85,0,0),(609,7,17,82.9,93.3,0),(610,7,17,83.5,0,0),(611,7,17,92.1,0,0),(612,7,17,75.8,78.2,39),(613,7,17,88.7,90.7,-6),(614,7,17,84.3,0,0),(615,7,17,80.4,80.2,-22),(616,7,17,87.3,0,0),(617,7,17,86.9,0,0),(618,7,17,84.6,0,0),(619,7,17,90.4,107.2,23),(620,7,17,89.5,78.2,-15),(621,7,17,85.5,0,0),(622,7,17,88.2,0,0),(623,7,17,100.5,102.3,-48),(624,7,17,87.5,0,0),(625,7,17,89.2,0,0),(626,7,17,99.8,83.5,45),(627,7,17,93.6,106.5,7),(628,7,17,94,0,0),(629,7,17,95.6,82.7,40),(630,7,17,96.6,0,0),(631,7,17,79.4,69.4,-27),(632,7,17,97.3,0,0),(633,7,17,95,78.7,38),(634,7,17,85.1,48.7,-47),(635,7,17,85.3,0,0),(636,7,17,96.6,58.8,13),(637,7,17,98.1,0,0),(638,7,17,95.9,0,0),(639,7,17,99.1,0,0),(640,7,17,98.6,83.5,-51),(641,7,17,97.8,0,0),(642,7,17,98.3,0,0),(643,7,17,97.5,0,0),(644,7,17,97.6,0,0),(645,7,17,78.6,0,0),(646,7,17,76.8,0,0),(647,7,17,76.2,0,0),(648,7,17,75.9,0,0),(649,7,17,80.9,82.2,3),(650,7,17,90.6,0,0),(651,7,17,81.6,0,0),(652,7,17,80.7,0,0),(653,7,17,70.7,0,0),(654,7,17,89,0,0),(655,7,17,78,74.8,8),(656,7,17,78,0,0),(657,7,17,91.9,103,19),(658,7,17,92.2,81,45),(659,7,17,79.8,0,0),(660,7,17,77.7,0,0),(661,7,17,88.3,68.2,28),(662,7,17,93.4,0,0),(663,7,17,88.9,0,0),(664,7,17,71.2,0,0),(665,7,17,88.8,0,0),(666,7,17,69.9,0,0),(667,7,17,76.9,0,0),(668,7,17,96.7,100.5,-3),(669,7,17,97.5,83.2,10),(670,7,17,87.4,0,0),(671,7,17,96.8,0,0),(672,7,17,96,0,0),(673,7,17,97,0,0),(674,7,17,95.4,0,0),(675,7,17,95,0,0),(676,7,17,84.5,0,0),(677,7,17,85.9,0,0),(678,7,17,91.3,0,0),(679,7,17,94.6,0,0),(680,12,17,95.5,0,0),(681,12,17,89,73.8,-24),(682,12,17,94.9,96.9,-39),(683,12,17,94.9,0,0),(684,12,17,84.2,0,0),(685,12,17,77,0,0),(686,12,17,88.2,72.7,38),(687,12,17,83.2,98.3,18),(688,12,17,94.4,0,0),(689,12,17,94.6,0,0),(690,12,17,95.2,0,0),(691,12,17,95.2,67.7,61),(692,12,17,92.8,88.1,22),(693,12,17,93.3,0,0),(694,12,17,86.4,0,0),(695,12,17,92.8,0,0),(696,12,17,92.2,98.9,34),(697,12,17,94.1,0,0),(698,12,17,92.8,81.7,34),(699,12,17,72.4,78.1,-33),(700,12,17,90.6,106.6,16),(701,12,17,84.8,0,0),(702,12,17,81.6,106.3,12),(703,12,17,85.6,70.7,-39),(704,12,17,80.5,0,0),(705,12,17,92.5,89.1,-40),(706,12,17,84.1,63.5,-58),(707,12,17,94,84.7,64),(708,12,17,92.5,0,0),(709,12,17,78.5,78.3,2),(710,12,17,71.8,0,0),(711,12,17,91.4,0,0),(712,12,17,78.8,0,0),(713,12,17,91.2,108.9,0),(714,12,17,86.8,99.1,28),(715,12,17,90.9,0,0),(716,12,17,86,0,0),(717,12,17,88.3,87.4,30),(718,12,17,82.6,0,0),(719,12,17,79.7,0,0),(720,12,17,87.3,97.2,17),(721,12,17,87.3,0,0),(722,12,17,87.4,0,0),(723,12,17,86.6,0,0),(724,12,17,94.4,77.6,13),(725,12,17,90.6,0,0),(726,12,17,92.2,0,0),(727,12,17,93.4,0,0),(728,12,17,93.6,106,16),(729,12,17,84.4,0,0),(730,12,17,82.7,0,0),(731,12,17,92.7,92.1,10),(732,12,17,93.4,79.1,57),(733,12,17,91.8,0,0),(734,12,17,90.8,0,0),(735,12,17,91,86,-4),(736,12,17,82.2,0,0),(737,12,17,90.3,0,0),(738,12,17,83.7,102.5,-1),(739,12,17,86.1,73.9,59),(740,12,17,91.9,0,0),(741,12,17,91.2,0,0),(742,12,17,94.5,0,0),(743,12,17,85.7,0,0),(744,12,17,92.9,0,0),(745,12,17,85.8,0,0),(755,12,17,80.9,0,0),(756,12,17,92.1,78.7,-44),(757,12,17,91.7,0,0),(758,12,17,79.9,0,0),(759,12,17,85.4,79.8,15),(760,12,17,82.3,0,0),(761,12,17,89.7,71,27),(762,12,17,83.9,0,0),(763,12,17,73.5,0,0),(764,12,17,87.8,0,0),(765,12,17,97.2,0,0),(766,12,17,88.4,0,0),(767,12,17,83,0,0),(768,12,17,96.5,0,0),(769,12,17,96.4,68.1,-29),(770,12,17,89,0,0),(771,12,17,74.9,0,0),(772,12,17,77.1,0,0),(773,12,17,94.3,96.1,26),(774,12,17,84.1,0,0),(775,12,17,83.5,0,0),(776,12,17,81.2,0,0),(777,12,17,80,0,0),(778,12,17,95.7,95.6,6),(779,12,17,95.6,81.7,-8),(780,12,17,95.3,86.2,28),(781,12,17,95.7,0,0),(782,12,17,96.1,0,0),(783,12,17,94.2,0,0),(784,12,17,93.9,90.2,-23),(785,12,17,93.5,63,-63),(786,12,17,93.5,64.7,-28),(787,12,17,83.7,0,0),(788,12,17,93.7,81.6,19),(789,12,17,82.1,0,0),(790,12,17,91.3,81.1,37),(791,12,17,81.6,0,0),(792,12,17,76.6,0,0),(793,12,17,81.4,86.3,6),(794,12,17,89.6,61.8,22),(795,12,17,81.3,0,0),(796,12,17,77.6,0,0),(797,12,17,86.5,0,0),(798,12,17,91.1,0,0),(799,12,17,84.5,0,0),(800,12,17,95.9,0,0),(801,12,17,97.4,0,0),(802,12,17,86,98.3,26),(803,12,17,85.4,99.5,-14),(804,12,17,87.6,0,0),(805,12,17,95.4,0,0),(806,12,17,93.9,69.1,-51),(807,12,17,83.4,0,0),(808,12,17,81.7,0,0),(809,12,17,96,0,0),(810,12,17,95.1,0,0),(811,12,17,94.3,0,0),(812,12,17,81.1,0,0),(813,12,17,94.2,86.9,-21),(814,12,17,94.1,97.2,-34),(815,12,17,80.8,92.8,50),(816,12,17,93.9,0,0),(817,12,17,78.7,99.6,26),(818,12,17,78.3,0,0),(819,12,17,90.4,0,0),(820,12,17,92.4,75.4,23),(821,12,17,89.3,0,0),(822,12,17,89.2,69.9,55),(823,12,17,78.9,0,0),(824,12,17,92.6,98,10),(825,12,17,97.5,0,0),(826,12,17,83.3,104,11),(827,12,17,97.6,71.2,30),(828,12,17,83.1,0,0),(829,12,17,96.2,73.7,-69),(830,12,17,82.4,0,0),(831,12,17,95.3,0,0),(832,12,17,87.3,94.2,10),(833,12,17,88.8,0,0),(834,12,17,95,0,0),(835,12,17,94.2,0,-26),(836,12,17,94,0,0),(837,12,17,93.6,0,0),(838,12,17,96.5,98.2,23),(839,12,17,96.9,0,0),(840,12,17,88.9,0,0),(841,12,17,93.9,104.9,28),(842,12,17,82.5,0,0),(843,12,17,79.8,0,-30),(844,12,17,87.7,0,0),(845,12,17,80.4,0,0),(846,12,17,88.5,0,0),(847,12,17,81,0,0),(848,12,17,85.7,111.1,17),(849,12,17,89.8,0,0),(850,12,17,80.3,0,0),(851,12,17,81.1,68.1,-16),(852,12,17,90.3,74.6,42),(853,12,17,80.7,0,0),(854,12,17,89.5,0,0),(855,12,17,90.2,73.6,-7),(856,12,17,95.5,84.6,57),(857,12,17,85.2,95.1,7),(858,12,17,96.2,91.3,45),(859,12,17,90.2,0,0),(860,12,17,85,0,0),(861,12,17,90.4,103,-17),(862,12,17,86.1,0,0),(863,12,17,85.2,83.3,50),(864,12,17,92.1,0,0),(865,12,17,91.7,79.9,29),(866,12,17,97.1,78.1,66),(867,12,17,91.3,0,0),(868,12,17,86.8,100,3),(869,12,17,92.1,75.6,11),(870,12,17,88.3,0,0),(871,12,17,81.9,65,-29),(872,12,17,97.6,0,0),(873,12,17,96.6,75.2,-18),(874,12,17,91.6,71.8,-5),(875,12,17,89.2,0,0),(876,12,17,99.4,0,0),(877,12,17,88,83.9,20),(878,12,17,95.3,72.5,21),(879,12,17,93,0,0),(880,12,17,98.5,0,0),(881,12,17,88.2,0,0),(882,11,17,95,100.2,9),(883,11,17,93.9,64.2,38),(884,11,17,93.1,0,0),(885,11,17,87.6,100.6,37),(886,11,17,73.3,0,0),(887,11,17,83.7,61,-13),(888,11,17,83.9,0,0),(889,11,17,91.7,0,0),(890,11,17,83.8,0,0),(891,11,17,75.1,0,0),(892,11,17,95,0,0),(893,11,17,94.9,0,0),(894,11,17,94.5,0,0),(895,11,17,95.1,0,0),(896,11,17,72.8,83.1,21),(897,11,17,73,74.9,-9),(898,11,17,91.2,0,0),(899,11,17,91,0,0),(900,11,17,91,100.8,3),(901,11,17,81.8,0,0),(902,11,17,70.3,0,0),(903,11,17,74.9,97.4,38),(904,11,17,84.2,0,0),(905,11,17,92.5,77,54),(906,11,17,85.2,98.9,18),(907,11,17,89.9,0,0),(908,11,17,80.5,0,0),(909,11,17,85.6,0,0),(910,11,17,88.8,0,0),(911,11,17,93.5,101.7,22),(912,11,17,81,83.5,-10),(913,11,17,95.1,69.2,43),(914,11,17,94.4,0,0),(915,11,17,93.8,0,0),(916,11,17,85,0,0),(917,11,17,87.8,80.6,-44),(918,11,17,87.7,0,0),(919,11,17,91.6,67.4,-22),(920,11,17,92.7,102.3,18),(921,11,17,88.2,85.2,46),(922,11,17,83.4,89.4,33),(923,11,17,85.9,0,0),(924,11,14,96.5,58,13),(925,11,14,96.5,0,0),(926,11,17,82.1,0,0),(927,11,17,92.3,0,0),(928,11,17,89.7,89,-31),(929,11,17,92.6,0,0),(930,11,17,82.7,85.4,-8),(931,11,17,90.9,0,0),(932,11,17,83.1,100.9,20),(933,11,17,92.1,0,0),(934,11,17,83.7,0,0),(935,11,17,89.4,72.3,-16),(936,11,17,90.4,0,0),(937,11,17,89.6,99.5,-1),(938,11,17,89.4,0,0),(939,11,17,84.9,0,0),(940,11,17,74.9,0,0),(941,11,17,82.3,0,0),(942,11,17,81,63.7,28),(943,11,17,79.5,0,0),(944,11,17,81.3,100.5,33),(945,11,17,78.8,97,-19),(946,11,17,90.5,73.3,51),(947,11,17,86.6,0,0),(948,11,17,89.4,81.2,47),(954,11,17,92.4,102.8,32),(955,11,17,92.9,80.7,73),(956,11,17,93,0,0),(959,11,17,97.3,88.3,43),(960,11,17,94,0,0),(961,11,17,82.7,48.8,51),(962,11,17,93.6,103.8,30),(963,11,17,93,107,29),(964,11,17,88.4,0,0),(965,11,17,93.2,0,0),(966,11,17,88.7,0,0),(967,11,17,88.8,97.4,15),(968,11,17,95.7,0,0),(969,11,17,98.2,80.1,-15),(970,11,17,96.7,0,0),(971,11,17,82.5,0,0),(972,11,17,94.8,0,0),(973,11,17,80.3,93.9,-17),(974,11,17,94.2,0,0),(975,11,17,81.1,0,0),(976,11,17,79.2,0,0),(977,11,17,92.6,82.9,18),(978,11,17,92.5,0,0),(979,11,17,93.9,0,0),(980,11,17,77.9,0,0),(981,11,17,90.9,95.6,14),(982,11,17,90.6,78.1,-9),(983,11,17,90.1,66.2,59),(984,11,17,90.3,22.2,-32),(985,11,17,80.2,0,0),(986,11,17,86.1,91.5,65),(987,11,17,98.6,0,0),(988,11,17,76.1,0,0),(989,11,17,98.6,69,62),(990,11,17,87.5,0,0),(991,11,17,78,0,0),(992,11,17,88.3,64.3,36),(993,11,17,97.4,71.5,80),(994,11,17,97.9,0,0),(995,11,17,98.3,0,0),(996,11,17,98.4,0,0),(997,11,17,83.7,72.3,-26),(998,11,17,90.7,84.2,2),(999,11,17,90.3,67.3,-38),(1000,11,17,92.9,100.1,18),(1001,11,17,88.3,0,0),(1002,11,17,95.5,79,43),(1003,11,17,81.9,0,0),(1004,11,17,94.7,85,-34),(1005,11,17,82.9,0,0),(1006,11,17,92.2,0,0),(1007,11,17,95.1,98.6,1),(1008,11,17,95.8,0,0),(1009,11,17,87,78.4,58),(1010,11,17,94.4,87.8,36),(1011,11,17,85.6,43.4,24),(1012,11,17,88.8,68.7,-38),(1013,11,17,90,0,0),(1014,11,17,80.7,101.8,29),(1015,11,17,95.7,71,73),(1016,11,17,92.8,77.5,52),(1017,11,17,89.7,0,0),(1018,11,17,95.1,86.1,53),(1019,11,17,95,76.2,46),(1020,11,17,92.3,101.5,9),(1021,11,17,93.5,0,0),(1022,11,17,97.3,100.9,24),(1023,11,17,97,0,0),(1024,11,17,95.6,99.1,6),(1025,11,17,93.4,108.8,13),(1026,11,17,93.7,0,0),(1027,11,17,93.6,0,0),(1028,11,17,83.3,66,-46),(1029,11,17,96,86.1,-33),(1030,11,17,95.4,57,-25),(1031,11,17,81.6,0,0),(1032,11,17,83.2,76.4,11),(1033,11,17,88.7,48,59),(1034,11,17,94.3,76.3,59),(1035,11,17,84.8,0,0),(1036,11,17,78.4,0,0),(1037,11,17,88.4,82,49),(1038,11,17,88,0,0),(1039,11,17,96.1,0,0),(1040,11,17,89.8,0,0),(1041,11,17,87.2,108,16),(1042,11,17,86.9,0,0),(1043,11,17,85,99.4,12),(1044,11,17,87.6,89.9,-19),(1045,11,17,81,92.6,45),(1046,11,17,87.1,0,0),(1047,11,17,88.8,82.7,-37),(1048,11,17,83.4,0,0),(1049,11,17,85.2,0,0),(1050,11,17,95.2,0,0),(1051,11,17,90.7,0,0),(1052,11,17,89.1,71.5,-36),(1053,11,17,87.4,0,0),(1054,11,17,80.8,93.1,57),(1055,11,17,86.3,0,0),(1056,11,17,89.1,0,0),(1057,11,17,96.3,91.1,65),(1058,11,17,95.9,0,0),(1059,11,17,91.6,0,0),(1060,11,17,92.4,0,0),(1061,11,17,96.3,106.7,3),(1062,11,17,97.2,0,0),(1063,11,17,96.4,94.1,5),(1064,11,17,82,0,0),(1065,11,17,96.9,0,0),(1066,11,17,87.3,0,0),(1067,11,17,91.8,0,0),(1068,11,17,82.7,0,0),(1069,11,17,80.5,103.1,10),(1070,11,17,81.7,82.3,22),(1071,11,17,91.4,0,0),(1072,11,17,81.4,0,0),(1073,11,17,97.1,0,0),(1074,3,17,88,0,0),(1075,3,17,96.9,0,0),(1076,3,17,90,0,0),(1077,3,17,96.1,67.4,67),(1078,3,17,97.1,0,0),(1079,3,17,97.4,0,0),(1080,3,17,96.4,73.9,32),(1081,3,17,81.6,89.4,3),(1082,3,17,91.6,0,0),(1083,3,17,78.1,0,0),(1084,3,17,96.8,0,0),(1085,3,17,89.2,0,0),(1086,3,17,89,0,0),(1087,3,17,93.7,0,0),(1088,3,17,96.4,0,0),(1089,3,17,88.6,0,0),(1090,3,17,87.5,0,0),(1091,3,17,93.4,0,0),(1092,3,17,96.7,0,0),(1093,3,17,89.4,0,0),(1094,3,17,92.5,0,0),(1095,3,17,85,0,0),(1096,3,17,85.7,0,0),(1097,3,17,84.7,72.2,32),(1098,3,17,84.8,0,0),(1099,3,17,96,99.6,21),(1100,3,17,96.5,72.5,52),(1101,3,17,87.4,0,0),(1102,3,17,97.3,83.8,69),(1103,3,17,96.3,0,0),(1104,3,17,97.6,0,0),(1105,3,17,94,94.8,-19),(1106,3,17,80.6,85.6,11),(1107,3,17,90.6,64.9,43),(1108,3,17,90.8,73.3,-14),(1109,3,17,90.1,68.3,-37),(1110,3,17,80.5,54,38),(1111,3,17,90.6,0,0),(1112,3,17,81,0,0),(1113,3,17,90.9,61.6,61),(1114,3,17,91.2,0,0),(1115,3,17,91,0,0),(1116,3,17,93.8,84.1,53),(1117,3,17,85.3,25.2,-51),(1118,3,17,93.1,0,0),(1119,3,17,88.8,0,0),(1120,3,17,91.9,0,-67),(1121,3,17,91.1,0,0),(1122,3,17,90.9,0,0),(1123,3,17,89.8,96.6,1),(1124,3,17,88.5,52.4,-36),(1125,3,17,87.6,0,0),(1126,3,17,88.4,0,0),(1127,3,17,85.1,103.6,11),(1128,3,17,92.5,104.4,13),(1129,3,17,84.3,0,0),(1130,3,17,91.8,0,0),(1131,3,17,81.5,101.1,7),(1132,3,17,88.5,0,0),(1133,3,17,95,86.5,21),(1134,3,17,77.6,0,0),(1135,3,17,79.1,0,0),(1136,3,17,95.5,71.8,46),(1137,3,17,94.6,0,0),(1138,3,17,76.1,0,0),(1139,3,17,80.8,0,0),(1140,3,17,94.7,0,0),(1141,3,17,92.9,0,0),(1142,3,17,94.3,0,0),(1143,3,17,79.2,44,-23),(1144,3,17,87.7,0,0),(1145,3,17,93.9,0,0),(1146,3,17,81.9,0,0),(1147,3,17,92.3,69.9,33),(1148,3,17,77.8,70,57),(1149,3,17,94.5,0,0),(1150,3,17,94.4,77.3,12),(1151,3,17,95.4,0,0),(1152,3,17,82.3,0,0),(1153,3,17,95,0,0),(1154,3,17,78.2,0,0),(1155,3,17,93.3,0,0),(1156,3,17,79.2,0,0),(1157,3,17,81.2,0,0),(1158,3,17,94.2,0,0),(1159,3,17,95.8,0,0),(1160,3,17,92.6,0,0),(1161,3,17,81.5,0,0),(1162,3,17,96.5,74.1,69),(1163,3,17,95.7,77.8,15),(1164,3,17,93.3,96.5,0),(1165,3,17,76.2,0,0),(1166,3,17,88.9,0,0),(1167,3,17,91.3,106.4,20),(1168,3,17,91.4,0,0),(1169,3,17,98.5,0,0),(1170,3,17,94,107.7,11),(1171,3,17,91.8,60.8,23),(1172,3,17,86.7,0,0),(1173,3,17,85.5,0,0),(1174,3,17,82.7,100.2,9),(1175,3,17,87.3,0,0),(1176,3,17,86,0,0),(1177,3,17,87,0,0),(1178,3,17,88.1,65.5,-41),(1179,3,17,71.6,91.7,27),(1180,3,17,89.1,86.4,-27),(1181,3,17,91.7,73,22),(1182,3,17,85.6,0,0),(1183,3,17,90.3,0,0),(1184,3,17,97,100.4,22),(1185,3,17,95.5,0,0),(1186,3,17,82.7,0,0),(1187,3,17,90,66,54),(1188,3,17,90.6,75.4,56),(1189,3,17,83.2,0,0),(1190,3,17,89.9,92.1,-17),(1191,3,17,82.5,0,0),(1192,3,17,90.2,73.9,20),(1193,3,17,88.1,101.5,-8),(1194,3,17,92.7,0,0),(1195,3,17,95.7,77.6,35),(1196,3,17,80.1,106.3,-27),(1197,3,17,94.1,0,0),(1198,3,17,94.8,0,0),(1199,3,17,79.6,0,0),(1200,3,17,82.4,89.8,33),(1201,3,17,95.2,0,0),(1202,3,17,90.8,88.9,23),(1203,3,17,91.3,0,0),(1204,3,17,92.6,105.9,16),(1205,3,17,80.2,0,0),(1206,3,17,85.9,77.7,-6),(1207,3,17,83.7,84.8,73),(1208,3,17,91.5,0,0),(1209,3,17,86.2,93.3,-48),(1210,3,17,81.1,0,0),(1211,3,17,94.3,85.5,3),(1212,3,17,96.5,0,0),(1213,3,17,96,0,0),(1214,3,17,95.7,70.3,40),(1215,3,17,82.6,0,0),(1216,3,17,95.7,88.6,46),(1217,3,17,74.1,88.7,48),(1218,3,17,80,0,0),(1219,3,17,87.6,68.2,37),(1220,3,17,95.9,0,0),(1221,3,17,82.8,0,0),(1222,3,17,92.7,88.9,-9),(1223,3,17,78.6,98.8,34),(1224,3,17,79.9,0,0),(1225,16,17,90.7,0,0),(1226,16,17,89.9,0,0),(1227,16,17,94.5,0,0),(1228,16,17,82.7,0,0),(1229,16,17,91.5,0,0),(1230,16,17,84.6,0,0),(1231,16,17,85.5,89.6,-28),(1232,16,17,84.8,72.7,-43),(1233,16,17,88.9,0,0),(1234,16,17,92.2,0,0),(1235,16,17,91.3,0,0),(1236,16,17,77.3,0,0),(1237,16,17,93.4,0,0),(1238,16,17,96.9,0,0),(1239,16,17,92,0,0),(1240,16,17,79.9,105.1,14),(1241,16,17,92.8,0,0),(1242,16,17,81,0,0),(1243,16,17,93.8,0,0),(1244,16,17,86.1,0,0),(1245,16,17,79.9,62,60),(1246,16,17,81.1,0,0),(1247,16,17,92.7,77.9,15),(1248,16,17,84,0,0),(1249,16,17,93.5,0,0),(1250,16,17,92.5,77.1,20),(1251,16,17,82.9,0,0),(1252,16,17,79.6,87.3,-46),(1253,16,17,87.1,0,0),(1254,16,17,93.1,82.8,68),(1255,16,17,93.7,0,0),(1256,16,17,94.6,102,14),(1257,16,17,87.4,71,10),(1258,16,17,76.7,0,0),(1259,16,17,92.5,0,0),(1260,16,17,87.3,97.6,-9),(1261,16,17,75.8,0,0),(1262,16,10,92.4,105.9,21),(1263,16,10,82.1,0,0),(1264,16,10,91,80.9,-42),(1265,16,17,82.5,107.8,30),(1266,16,10,91.4,72.1,-33),(1267,16,17,92.9,0,0),(1268,16,10,78.7,0,0),(1269,16,17,95.1,102.6,54),(1270,16,17,87,0,0),(1271,16,17,80.4,0,0),(1272,16,17,92.3,0,0),(1273,16,17,90.6,67.7,56),(1274,16,17,89.8,0,0),(1275,16,17,90.9,0,0),(1276,16,17,90.6,0,0),(1277,16,17,90.3,0,0),(1278,16,17,93,0,0),(1279,16,17,86.4,0,0),(1280,16,17,85.3,0,0),(1281,16,17,93.1,0,0),(1282,16,17,81.6,95.2,43),(1283,16,17,80.8,80.7,-2),(1284,16,17,80.7,0,0),(1285,16,17,93,80.6,42),(1286,16,17,98.3,62.2,84),(1287,16,17,84.7,0,0),(1288,16,17,96.5,72.8,74),(1289,16,17,97.8,0,0),(1290,16,17,98,0,0),(1291,16,17,87.5,93.3,28),(1292,16,17,86.6,71.3,15),(1293,16,17,93.7,104.4,25),(1294,16,17,82.6,63.5,37),(1295,16,17,96.3,104.4,-15),(1296,16,17,95.5,0,0),(1297,16,17,89.2,0,0),(1298,16,17,95.4,0,0),(1299,16,17,92.1,93.7,54),(1300,16,17,83.6,0,0),(1301,16,17,87.9,0,0),(1302,16,17,84.2,0,0),(1303,16,17,84.8,0,0),(1304,16,17,84.1,0,0),(1305,16,17,86.3,0,0),(1306,16,17,86.4,99.8,12),(1307,16,17,74.9,76.2,24),(1308,16,17,94.9,72.1,32),(1309,16,17,83.9,98.9,-42),(1310,16,17,93,101.7,29),(1311,16,17,83,93.2,40),(1312,16,17,82.6,51.9,-54),(1313,16,17,91.9,0,0),(1314,16,17,92.7,94.7,47),(1315,16,17,93,80.2,14),(1316,16,17,79.4,0,0),(1317,16,17,79,0,0),(1318,16,17,92.3,92.9,8),(1319,16,17,91.2,0,0),(1320,16,17,86.6,79.3,24),(1321,16,17,88.2,114,25),(1322,16,17,71.8,0,0),(1323,16,17,94.3,0,0),(1324,16,17,94.6,0,0),(1325,16,17,89.4,0,0),(1326,16,17,78.3,86.9,17),(1327,16,17,94.2,0,0),(1328,16,17,68.5,0,0),(1329,16,17,79.4,100.5,49),(1330,16,17,88.1,86.4,29),(1331,16,17,90.9,85.5,43),(1332,16,17,86.1,94.8,-21),(1333,16,17,90,0,0),(1334,16,17,93.9,0,0),(1335,16,17,95.2,0,0),(1336,16,17,79.3,90.4,-31),(1337,16,17,88.1,0,0),(1338,16,17,86,0,0),(1339,16,17,93.3,0,0),(1340,16,17,94,111.2,6),(1341,16,17,89.1,114,16),(1342,16,17,81.3,0,0),(1343,16,17,88.8,0,0),(1344,16,17,88.4,0,0),(1345,16,17,81.8,103.6,25),(1346,16,17,82,0,0),(1347,16,17,81.7,99.9,22),(1348,16,17,83.9,0,0),(1349,16,17,91.1,0,0),(1350,16,17,82.9,105.7,26),(1351,16,17,86.1,77.4,-8),(1352,16,17,77.8,79.1,76),(1353,16,17,77.7,0,0),(1354,16,17,77.8,0,0),(1355,16,17,78.4,0,0),(1356,16,17,86.6,0,0),(1357,16,17,83.3,0,0),(1358,16,17,97.6,0,0),(1359,16,17,89.1,0,0),(1360,16,17,96.8,0,0),(1361,16,17,96.1,77.5,25),(1362,16,17,80.5,0,0),(1363,16,17,90.4,96.5,-28),(1364,16,17,95,0,0),(1365,16,17,90.8,0,0),(1366,16,17,89.7,0,0),(1367,16,17,88.1,54.2,-58),(1368,16,17,77.6,0,0),(1369,16,17,82.6,0,0),(1370,16,17,82.2,0,0),(1371,16,17,85.3,82.7,55),(1372,16,17,87.4,0,0),(1373,16,17,81.7,0,0),(1374,16,17,85.2,0,0),(1375,16,17,81.4,0,0),(1376,16,17,83.2,0,0),(1377,16,17,90.9,79.5,77),(1378,16,17,83.4,0,0),(1379,16,17,89.6,0,0),(1380,16,17,88.6,0,0),(1381,16,17,87.6,0,0),(1382,16,17,78.6,0,0),(1383,16,17,81.7,98.7,43),(1384,16,17,80,0,0),(1385,16,17,84,66.5,-13),(1386,16,17,83.5,0,0),(1387,16,17,76.3,0,0),(1388,16,17,83.1,0,0),(1389,16,17,77,81.8,80),(1390,16,17,77.4,0,0),(1391,16,17,78.1,0,0),(1392,16,17,77,0,0),(1393,16,17,44.7,104.2,24),(1394,16,17,78.7,104.6,16),(1395,16,17,47.7,0,0),(1396,16,17,90.1,0,0),(1397,16,17,79.1,0,0),(1398,16,17,74.2,0,0),(1399,16,17,92.8,60.2,60),(1400,16,17,92.6,0,0),(1401,16,17,91.7,0,0),(1402,16,17,91.8,95.1,-41),(1403,16,17,91.5,78.5,-10),(1404,16,17,81.8,0,0),(1405,16,17,91.6,0,0),(1406,16,17,75.3,63.4,-27),(1407,16,17,82.4,0,0),(1408,16,17,85.9,82.4,-7),(1409,16,17,92.8,82,-14),(1410,16,17,86.5,0,0),(1411,16,17,93.2,48.7,36),(1412,16,17,81.6,99.1,9),(1413,16,17,88.3,0,0),(1414,16,17,88.9,72.1,58),(1415,16,17,83.8,0,0),(1416,16,17,92.1,0,0),(1417,16,17,84.1,71.3,-20),(1418,16,17,89.8,59.9,-50),(1419,16,17,93.2,0,0),(1420,16,17,93.9,99.3,-14),(1421,16,17,78.8,0,0),(1422,16,17,84,74.8,64),(1423,16,17,90.1,62.4,-31),(1424,16,17,91,98.3,-9),(1425,16,17,79.3,0,0),(1426,16,17,94.8,67.7,59),(1427,16,17,86.7,0,0),(1428,16,17,87.2,0,0),(1429,16,17,92.4,72.9,21),(1430,16,17,95.8,107.2,-6),(1431,16,17,96,0,0),(1646,17,5,85.5,0,0),(1647,17,5,92.6,0,0),(1648,17,5,87.4,0,0),(1649,17,5,85.6,0,0),(1650,17,5,87.9,60.3,-55),(1651,17,5,75.5,82.8,-13),(1652,17,5,94.4,0,0),(1653,17,5,97,0,0),(1654,17,5,77,0,0),(1655,17,5,88,0,0),(1656,17,5,87.5,0,0),(1657,17,5,85.4,0,0),(1658,17,5,93.1,0,0),(1659,17,5,73.6,0,0),(1660,17,5,73.9,0,0),(1661,17,5,85.7,94.7,4),(1662,17,5,75.3,0,0),(1663,17,5,88.2,0,0),(1664,17,5,96.8,0,0),(1665,17,5,96.1,70.7,-13),(1666,17,5,93,55.1,28),(1667,17,5,76.9,0,0),(1668,17,5,77.3,0,0),(1669,17,5,93.2,64.5,42),(1670,17,5,73.8,0,0),(1671,17,5,88.8,70.2,-36),(1672,17,5,83.5,98.4,15),(1673,17,5,83.5,0,0),(1674,17,5,89.9,100.9,33),(1675,17,5,95.1,0,0),(1676,17,5,95.5,0,0),(1677,17,5,88.4,0,0),(1678,17,5,91.6,0,0),(1679,17,5,86.9,72.5,14),(1680,17,5,89.4,0,0),(1681,17,5,95.1,83.3,-24),(1682,17,5,86.5,20.9,-49),(1683,17,5,77.5,0,0),(1684,17,5,97.2,77.1,-15),(1685,17,5,93.8,0,0),(1686,17,5,94.9,0,0),(1687,17,5,95.4,0,0),(1688,17,5,94.8,64.3,-10),(1689,17,5,89.6,0,0),(1690,17,5,87,0,0),(1691,17,5,95.5,93.9,-5),(1692,17,5,96,65.8,37),(1693,17,5,93.8,82.3,-30),(1694,17,5,90.4,81.5,28),(1695,17,5,94.5,101.2,21),(1696,17,5,75.4,0,0),(1697,17,5,87.8,0,0),(1698,17,5,88.7,0,0),(1699,17,5,88.6,0,0),(1700,17,5,97.1,77,24),(1701,17,5,96.4,71.5,27),(1702,17,5,78.4,78,-21),(1703,17,5,86.7,0,0),(1704,17,5,84.7,0,0),(1705,17,5,86.8,0,0),(1706,17,5,89.3,95.3,35),(1707,17,5,74.6,0,0),(1708,17,5,93.7,62.6,-3),(1709,17,5,94.1,80.9,-6),(1710,17,5,71.2,0,0),(1711,17,5,72.5,0,0),(1712,17,5,74.1,0,0),(1713,17,5,84.6,0,0),(1714,17,5,94.7,87.9,2),(1715,17,5,86.1,85.3,29),(1716,17,5,76.2,0,0),(1717,17,5,94.8,0,0),(1718,17,5,88.3,0,0),(1719,17,5,96.3,0,0),(1720,17,5,96.1,0,0),(1721,17,5,89.9,0,0),(1722,17,5,96.4,0,0),(1723,17,5,87.8,64.3,-4),(1724,17,5,92.5,97.6,16),(1725,17,5,93.9,0,0),(1726,17,5,75.3,95.1,15),(1727,17,5,85.7,0,0),(1728,17,5,73.9,67.2,23),(1729,17,5,85.3,0,0),(1730,17,5,92.9,91.9,2),(1731,17,5,72.3,0,0),(1732,17,5,93,0,0),(1733,17,5,90.1,0,0),(1734,17,5,94.3,96.4,-45),(1735,17,5,95.3,0,0),(1736,17,5,75.7,0,0),(1737,17,5,96.9,0,0),(1738,17,5,95.4,101.4,-10),(1739,17,5,94.3,76.7,24),(1740,17,5,94.1,0,0),(1741,17,5,82.5,0,0),(1742,17,5,94.2,0,0),(1743,17,5,73.7,0,0),(1744,17,5,94.2,37.9,-53),(1745,17,5,96.6,0,0),(1746,17,5,85.2,69.6,49),(1747,17,5,82.6,0,0),(1748,17,5,93.1,71.6,70),(1749,17,5,74.7,0,0),(1750,17,5,78.1,0,0),(1751,17,5,94.2,66.5,-79),(1752,17,5,83.6,0,0),(1753,17,5,85.9,0,0),(1754,17,5,96,0,0),(1755,17,5,84.3,0,0),(1756,17,5,82.3,0,0),(1757,17,5,73.4,0,0),(1758,17,5,95.2,101.1,12),(1759,17,5,87.5,54.7,38),(1760,17,5,95.3,68,31),(1761,17,5,94.6,76.1,8),(1762,17,5,93.5,0,0),(1763,17,5,95.4,85,-11),(1764,17,5,90.2,75.8,1),(1765,17,5,96.5,90.3,-5),(1766,17,5,78.2,0,0),(1767,17,5,94.7,0,0),(1768,17,5,90.4,90.3,7),(1769,17,5,92.9,0,0),(1770,17,5,87.7,0,0),(1771,17,5,91.8,0,0),(1772,17,5,81.3,0,0),(1773,17,5,93.7,89,-16),(1774,17,5,80.7,95.2,2),(1775,17,5,87.1,0,0),(1776,17,5,87.9,0,0),(1777,17,5,79.5,92.6,-4),(1778,17,5,86.1,0,0),(1779,17,5,84.5,68.5,45),(1780,17,5,83.1,0,0),(1781,17,5,94.5,102.8,6),(1782,17,5,75.2,96.8,-14),(1783,17,5,76.8,0,0),(1784,17,5,78.2,83.3,0),(1785,17,5,94.7,83.4,-34),(1786,17,5,96.7,0,0),(1787,17,5,94.6,107.8,15),(1788,17,5,95,86.5,-3),(1789,17,5,83.1,95.8,-1),(1790,17,5,92.3,0,0),(1791,17,5,84.1,69.7,32),(1792,17,5,93.4,0,0),(1793,17,5,95.9,99,-12),(1794,17,5,74.2,71.1,-54),(1795,17,5,80.6,0,0),(1796,17,5,93.5,89.6,20),(1797,17,5,85.9,81.3,0),(1798,17,5,87.3,0,0),(1799,17,5,96.1,54,0),(1800,17,5,91.2,76.3,26),(1801,17,5,91.3,0,0),(1802,17,5,92.9,99.9,33),(1803,17,5,94.3,67.6,73),(1804,17,5,94.1,86.2,49),(1805,17,5,74.5,91.7,28),(1806,17,5,75.2,0,0),(1807,17,5,83.7,0,0),(1808,17,5,92.2,0,0),(1809,17,5,82.2,0,0),(1810,17,5,72.1,0,0),(1811,17,5,86.3,60.2,-29),(1812,17,5,74.5,74.3,-25),(1813,17,5,95.5,54.1,34),(1814,17,5,74,0,0),(1815,17,5,95.1,93,-20),(1816,17,5,76.3,0,0),(1817,17,5,72.6,0,0),(1818,17,5,92.7,103.6,-9),(1819,17,5,81.2,0,0),(1820,17,5,74.3,89.5,7),(1821,17,5,73.7,97.7,16),(1822,17,5,74.9,0,0),(1823,17,5,94.3,104.2,10),(1824,17,5,95,0,0),(1825,17,5,90.6,0,0),(1826,17,5,77.2,0,0),(1827,17,5,95.9,0,0),(1828,17,5,95.2,86,16),(1829,17,5,96.2,67.1,21),(1830,17,5,95.6,65.2,27),(1831,17,5,74.5,0,0),(1832,17,5,74.3,0,0),(1833,17,5,97,89.2,39),(1834,17,5,96,64.6,8),(1835,17,5,89.4,100.8,19),(1836,17,5,95.8,69.1,65),(1837,17,5,97.2,0,0),(1838,17,5,90,98.2,8),(1839,17,5,77.4,0,0),(1840,17,5,97.1,0,0),(1841,17,5,90.2,0,0),(1842,17,5,96.5,80.7,36),(1843,17,5,95.6,55.3,-42),(1844,17,5,95.6,0,0),(1845,17,5,78.8,0,0),(1846,17,5,98,64.2,46),(1847,17,5,89,0,0),(1848,17,5,76.4,0,0),(1849,17,5,97.5,0,0),(1850,17,5,97.7,0,0),(1851,17,5,95.8,0,0),(1852,17,1,86.4,64,-39),(1853,17,1,78.2,0,0),(1854,17,1,90.5,0,0),(1855,17,1,87.5,101.8,0),(1856,17,1,87.1,0,0),(1857,17,1,87.2,106.8,20),(1858,17,1,90.1,0,0),(1859,17,1,76.8,0,0),(1860,17,1,84.8,74.1,77),(1861,17,1,90.5,74.9,63),(1862,17,1,78.8,0,0),(1863,17,1,91,0,0),(1864,17,1,86.6,0,0),(1865,17,1,86.1,0,0),(1866,17,1,86.2,0,0),(1867,17,1,89.6,0,0),(1868,17,1,89.9,0,0),(1869,17,1,87.7,98.1,21),(1870,17,1,88.9,73.9,63),(1871,17,1,79.3,0,0),(1872,17,1,87,0,0),(1873,17,1,77.8,0,0),(1874,17,1,87.2,73.1,65),(1875,17,1,90.6,70.5,72),(1876,17,1,88.7,0,0),(1877,17,1,89.5,0,0),(1878,17,1,87,87.5,35),(1879,17,1,86.6,79.5,48),(1880,17,1,87.9,75.9,-8),(1881,17,1,88,62.6,26),(1882,17,1,87.5,0,0),(1883,17,1,88.3,0,0),(1884,17,1,88.8,0,0),(1885,17,1,86.9,0,0),(1886,17,1,87.9,0,0),(1887,17,1,83.4,0,0),(1888,17,1,72.8,0,0),(1889,17,1,86.8,0,0),(1890,17,1,87.1,114.6,29),(1891,17,1,89.7,0,0),(1892,17,1,87.7,0,0),(1893,17,1,87.3,0,0),(1894,17,1,87,80,65),(1895,17,1,91.9,0,0),(1896,17,1,85.3,0,0),(1897,17,1,77.6,29.3,-53),(1898,17,1,86.3,66.8,34),(1899,17,1,90.6,0,0),(1900,17,1,87.6,0,0),(1901,17,1,87.1,47,-80),(1902,17,1,77.1,0,0),(1903,17,1,87.8,0,0),(1904,17,1,90.6,72.9,68),(1905,17,1,87.5,68.5,40),(1906,17,1,75.5,0,0),(1907,17,1,87.9,65.2,39),(1908,17,1,76.6,0,0),(1909,17,1,87.1,96,30),(1910,17,1,88.3,62.4,-27),(1911,17,1,88.4,0,0),(1912,17,1,88.6,0,0),(1913,17,1,85,0,0),(1914,17,1,91.7,0,0),(1915,17,1,87.6,87.1,-32),(1916,17,1,90.7,0,0),(1917,17,1,89.1,106.8,6),(1918,17,1,88.1,0,0),(1919,17,1,90.7,88.7,23),(1920,17,1,87.7,55.5,-7),(1921,17,1,90.2,0,0),(1922,17,1,78.9,0,0),(1923,17,1,87.4,0,0),(1924,17,1,87.9,98.6,20),(1925,17,1,89.2,0,0),(1926,17,1,79.6,60.9,51),(1927,17,1,88.3,97.9,12),(1928,17,1,92.1,0,0),(1929,17,1,88.4,80.7,45),(1930,17,1,78.3,109.7,31),(1931,17,1,80.4,0,0),(1932,17,1,88.1,81.9,26),(1933,17,1,80.3,0,0),(1934,17,1,88.4,65.4,28),(1935,17,1,90.4,0,0),(1936,17,1,88,84.4,45),(1937,17,1,91.7,102.2,-19),(1938,17,1,91.2,102,-7),(1939,17,1,88.2,86,-25),(1940,17,1,88.6,101.6,24),(1941,17,1,91.6,0,0),(1942,17,1,76.7,94.8,28),(1943,17,1,91.3,72.8,35),(1944,17,1,88.5,100.4,17),(1945,17,1,88.2,59.7,36),(1946,17,1,92,84.2,30),(1947,17,1,79.1,0,0),(1948,17,1,79.2,0,0),(1949,17,1,88.7,34.4,79),(1950,17,1,85.1,0,0),(1951,17,1,91.4,0,0),(1952,17,1,88.9,0,0),(1953,17,1,79.7,0,0),(1954,17,1,91.4,97.2,41),(1955,17,1,87.5,98.4,23),(1956,17,1,88.8,43.6,-53),(1957,17,1,88.4,83.5,75),(1958,17,1,89.8,0,0),(1959,17,1,91.2,0,0),(1960,17,1,87.9,92.7,5),(1961,17,1,89.4,109,13),(1962,17,1,91.8,0,0),(1963,17,1,88.6,90.4,64),(1964,17,1,81,0,0),(1965,17,1,89,0,0),(1966,17,1,91.3,0,0),(1967,17,1,80.2,0,0),(1968,17,1,88.2,100.2,18),(1969,17,1,91.8,93.4,-9),(1970,17,1,88.5,0,0),(1971,17,1,84.5,0,0),(1972,17,1,86.8,71.4,23),(1973,17,1,90.9,75.9,38),(1974,17,1,87.2,0,0),(1975,17,1,86.3,0,0),(1976,17,1,79.6,0,0),(1977,17,1,86.8,78.8,74),(1978,17,1,90.7,72.1,60),(1979,17,1,88,0,0),(1980,17,1,88,65,63),(1981,17,1,80,0,0),(1982,17,1,90.8,0,0),(1983,17,1,84.8,0,0),(1984,17,1,91.5,0,0),(1985,17,1,84.5,82.5,-20),(1986,17,1,90.8,95.4,35),(1987,17,1,91.1,0,0),(1988,17,1,88,95.9,-21),(1989,17,1,88.3,89.2,-9),(1990,17,1,87.9,102.6,-7),(1991,17,1,91.2,72.3,74),(1992,17,1,87.9,75,26),(1993,17,1,92,0,0),(1994,17,1,89.1,0,0),(1995,17,1,89,78.7,16),(1996,17,1,92.8,0,0),(1997,17,1,92,49.5,34),(1998,17,1,80.1,60.8,20),(1999,17,1,92.4,0,0),(2000,17,1,89.2,93.6,32),(2001,17,1,85.7,0,0),(2002,17,1,92.2,0,0),(2003,17,1,84.5,80.1,3),(2004,17,1,88,81.2,42),(2005,17,1,79.8,96.5,41),(2006,17,1,92.4,69,41),(2007,17,1,81.4,0,0),(2008,17,1,93.1,0,0),(2009,17,1,92.8,84.7,40),(2010,17,1,89.4,0,0),(2011,17,1,93,0,0),(2012,17,6,94.6,0,0),(2013,17,6,85,0,0),(2014,17,6,96.2,0,0),(2015,17,6,96.9,0,0),(2016,17,6,96.4,75,49),(2017,17,6,95.4,103.4,28),(2018,17,6,89,0,0),(2019,17,6,88.3,0,0),(2020,17,6,96.5,0,0),(2021,17,6,97,88.1,37),(2022,17,6,95.6,0,0),(2023,17,6,95.4,0,0),(2024,17,6,85.5,105.4,14),(2025,17,6,96.6,0,0),(2026,17,6,94.9,96.4,-3),(2027,17,6,83.6,95.4,18),(2028,17,6,96.4,0,0),(2029,17,6,96.3,67.4,48),(2030,17,6,96.3,82.6,25),(2031,17,6,83.2,0,0),(2032,17,6,95.5,0,0),(2033,17,6,82.2,97.1,27),(2034,17,6,85.8,0,0),(2035,17,6,86.3,97.3,9),(2036,17,6,85.9,0,0),(2037,17,6,85.3,0,0),(2038,17,6,89.8,0,0),(2039,17,6,86.6,0,0),(2040,17,6,85.4,0,0),(2041,17,6,97,89.2,-7),(2042,17,6,98.2,0,0),(2043,17,6,97.5,0,0),(2044,17,6,84.4,0,0),(2045,17,6,96,0,0),(2046,17,6,89.7,0,0),(2047,17,6,83.9,0,0),(2048,17,6,85,97.4,-13),(2049,17,6,97.3,0,0),(2050,17,6,87.3,83,54),(2051,17,6,94.8,0,0),(2052,17,6,85.9,89.1,-22),(2053,17,6,88.5,69.7,-26),(2054,17,6,85.9,89.2,-10),(2055,17,6,88.7,71.4,-29),(2056,17,6,97.1,0,0),(2057,17,6,86.2,0,0),(2058,17,6,96.7,0,0),(2059,17,6,82.7,0,0),(2060,17,6,95.7,0,0),(2061,17,6,97.5,67.4,62),(2062,17,6,85.7,0,0),(2063,17,6,84.6,0,0),(2064,17,6,84.3,0,0),(2065,17,6,85.2,0,0),(2066,17,6,97.1,103.7,23),(2067,17,6,97,75.9,21),(2068,17,6,84.5,96.8,39),(2069,17,6,95.1,0,0),(2070,17,6,87.7,52.9,-67),(2071,17,6,95.1,73.9,56),(2072,17,6,94.1,0,0),(2073,17,6,83.1,105.6,29),(2074,17,6,84.1,0,0),(2075,17,6,84.8,0,0),(2076,17,6,95.9,102.9,27),(2077,17,6,88.1,0,0),(2078,17,6,95.9,0,0),(2079,17,6,95.2,75.5,57),(2080,17,6,95.8,78.1,60),(2081,17,6,96,69.6,-79),(2082,17,6,85.6,50.3,-40),(2083,17,6,94.9,84.7,61),(2084,17,6,94.9,0,0),(2085,17,6,84.7,0,0),(2086,17,6,88.9,0,0),(2087,17,6,96.9,81.1,66),(2088,17,6,96.1,80.7,52),(2089,17,6,85.5,0,0),(2090,17,6,85.1,110.5,3),(2091,17,6,96.5,81.8,9),(2092,17,6,84.9,103.9,0),(2093,17,6,95.8,84.9,-21),(2094,17,6,86.3,74.6,10),(2095,17,6,88.7,0,0),(2096,17,6,96.7,111.7,12),(2097,17,6,95.3,52.6,-39),(2098,17,6,96.1,0,0),(2099,17,6,95.2,0,0),(2100,15,17,89.4,0,0),(2101,15,17,90.2,68.5,67),(2102,15,17,82.8,0,0),(2103,15,17,88.5,0,0),(2104,15,17,92.1,0,0),(2105,15,17,92.7,0,0),(2106,15,17,89.1,0,0),(2107,15,17,89.5,0,0),(2108,15,17,80.5,70.9,-2),(2109,15,17,91.3,0,0),(2110,15,17,94.2,0,0),(2111,15,17,92.5,0,0),(2112,15,17,92.3,0,0),(2113,15,17,93.8,0,0),(2114,15,17,80.8,101.8,18),(2115,15,17,81.6,0,0),(2116,15,17,91.1,0,0),(2117,15,17,93.7,0,0),(2118,15,17,81.1,0,0),(2119,15,17,89.7,89.3,60),(2120,15,17,79.9,86,-34),(2121,15,17,93.5,0,0),(2122,15,17,79.6,0,0),(2123,15,17,80.7,0,0),(2124,15,17,81.2,0,0),(2125,15,17,93.3,78.9,-26),(2126,15,17,87.4,0,0),(2127,15,17,86.9,0,0),(2128,15,17,94,0,0),(2129,15,17,86.1,0,0),(2130,15,17,93.5,105.1,35),(2131,15,17,93.4,0,0),(2132,15,17,79.2,0,0),(2133,15,17,93.2,0,0),(2134,15,17,87.1,0,0),(2135,15,17,83.4,42.7,-34),(2136,15,17,84.1,0,0),(2137,15,17,85.4,0,0),(2138,15,17,82.5,82.4,21),(2139,15,17,82.7,0,0),(2140,15,17,80.3,0,0),(2141,15,17,80.6,100.3,2),(2142,15,17,81.9,0,0),(2143,15,17,91.1,54.5,-50),(2144,15,17,91.4,0,0),(2145,15,17,91.8,0,0),(2146,15,17,81.4,0,0),(2147,15,17,98.4,87.5,-50),(2148,15,17,90.6,0,0),(2149,15,17,98.2,0,0),(2150,15,10,93.4,75,-23),(2151,15,10,93,0,0),(2152,15,17,93.7,72.6,30),(2153,15,17,92.8,0,0),(2154,15,17,88.1,0,0),(2155,15,17,91.6,0,0),(2156,15,17,95.7,0,0),(2157,15,17,85.3,0,0),(2158,15,17,85,0,0),(2159,15,17,96.3,0,0),(2160,15,17,83.5,97.3,13),(2161,15,17,80.7,59.5,47),(2162,15,17,80,0,0),(2163,15,17,92.6,0,0),(2164,15,17,86.6,86.7,46),(2165,15,17,84.4,0,0),(2166,15,17,85.4,76,-59),(2167,15,17,91.9,0,0),(2168,15,17,83.6,0,0),(2169,15,17,87.5,0,0),(2170,15,17,93.8,72.2,33),(2171,15,17,82.8,87,-22),(2172,15,17,86.9,68.6,19),(2173,15,17,92.5,79.6,12),(2174,15,17,86.8,0,0),(2175,15,17,84,0,0),(2176,15,17,86.5,94.1,17),(2177,15,17,96.6,76.3,39),(2178,15,17,96.6,77.2,52),(2179,15,17,88.4,0,0),(2180,15,17,96.8,0,0),(2181,15,17,87.9,0,0),(2182,15,17,89.6,91.9,41),(2183,15,17,86,0,0),(2184,15,17,88.3,0,0),(2185,15,17,70.2,0,0),(2186,15,17,87.6,0,0),(2187,15,17,88.9,0,0),(2188,15,17,87.3,58.4,-27),(2189,15,17,93.6,0,0),(2190,15,17,88.8,53,-2),(2191,15,17,81,0,0),(2192,15,17,89.9,83.5,-16),(2193,15,17,79.7,0,0),(2194,15,17,88,0,0),(2195,15,17,86.8,89.9,-10),(2196,15,17,85.2,0,0),(2197,15,17,86.6,0,0),(2198,15,17,93.6,92.8,30),(2199,15,17,93.1,0,0),(2200,15,17,84.8,29.9,-60),(2201,15,17,83.8,0,0),(2202,15,17,91.5,0,0),(2203,15,17,83.9,69.8,-27),(2204,15,17,90.6,72.4,47),(2205,15,17,80.5,0,0),(2206,15,17,80.9,0,0),(2207,15,17,84.5,87.2,-18),(2208,15,17,84.1,99.6,-25),(2209,15,17,90.8,81,-24),(2210,15,17,83.7,0,0),(2211,15,17,90.3,0,0),(2212,15,17,80,101.1,17),(2213,15,17,91.1,79.4,-14),(2214,15,17,90,0,0),(2215,15,17,94.6,0,0),(2216,15,17,95.7,83.4,73),(2217,15,17,77.9,58.6,69),(2218,15,17,79,0,0),(2219,15,17,76.6,0,0),(2220,15,17,78.2,79.2,-35),(2221,15,17,85.1,0,0),(2222,15,17,86.2,0,0),(2223,15,17,99.4,0,0),(2224,15,17,84,85.9,-36),(2225,15,17,99.6,0,0),(2226,15,17,88.6,0,0),(2227,15,17,99,0,0),(2228,15,17,89.6,83.8,25),(2229,15,17,90.4,0,0),(2230,15,17,90.5,0,0),(2231,15,17,90.1,0,0),(2232,15,17,83.1,0,0),(2233,15,17,87.7,73.5,-27),(2234,15,17,82.1,87.2,13),(2235,15,17,84.6,0,0),(2236,15,17,81.5,0,0),(2237,15,17,84.9,0,0),(2238,15,17,89,79.5,55),(2239,15,17,81.2,84.2,36),(2240,15,17,75.8,78.1,68),(2241,15,17,82.5,73.9,24),(2242,15,17,76.3,0,0),(2243,15,17,75.2,0,0),(2244,15,17,88.7,0,0),(2245,15,17,83,99.3,4),(2246,15,17,76.9,98.8,32),(2247,15,17,94.6,72.9,27),(2248,15,17,94.7,0,0),(2249,15,17,45.8,89.1,1),(2250,15,17,95.4,0,0),(2251,15,17,76.8,0,0),(2252,15,17,90.1,81.9,-46),(2253,15,17,91.9,86.7,5),(2254,15,17,91.5,75.2,-21),(2255,15,17,90.4,109.8,10),(2256,15,17,93.7,93.2,30),(2257,15,17,94.8,75.5,55),(2258,15,17,94.1,0,0),(2259,15,17,92.9,0,0),(2260,15,17,93.3,0,0),(2261,15,17,91.5,90.4,9),(2262,15,17,92.2,0,0),(2263,15,17,82.2,62.5,38),(2264,15,17,82.4,70.9,56),(2265,15,17,91.4,92.7,-24),(2266,15,17,98.2,98.8,35),(2267,15,17,98.1,82,69),(2268,15,17,97.3,0,0),(2269,15,17,98.6,0,0),(2270,15,17,84.6,94.2,-20),(2271,15,17,78.7,96.1,-10),(2272,15,17,77.7,0,0),(2273,15,17,95.3,80.3,-47),(2274,15,17,96.2,0,0),(2275,15,17,88.2,0,0),(2276,15,17,94.8,64.6,-55),(2277,15,17,78.5,0,0),(2278,15,17,78.4,0,0),(2279,15,17,96.4,0,0),(2280,15,17,94.8,0,0),(2281,15,17,95.6,0,0),(2282,8,17,91.1,88.2,55),(2283,8,17,91.1,0,0),(2284,8,17,79.1,94.6,50),(2285,8,17,91.9,0,0),(2286,8,17,85.4,0,0),(2287,8,17,87.7,0,0),(2288,8,17,91.8,103.3,-3),(2289,8,17,95.1,78.4,21),(2290,8,17,87.1,0,0),(2291,8,17,83.2,0,0),(2292,8,17,95.1,0,0),(2293,8,17,92.3,92.9,62),(2294,8,17,91.6,0,0),(2295,8,17,81.2,0,0),(2296,8,17,85.2,0,0),(2297,8,17,87.5,0,0),(2298,8,17,92.1,71.9,33),(2299,8,17,82.3,92.6,31),(2300,8,17,84.2,0,0),(2301,8,17,86.9,0,0),(2302,8,17,85.6,71,77),(2303,8,17,93,0,0),(2304,8,17,81.4,0,0),(2305,8,17,86.5,0,0),(2306,8,17,86.7,0,0),(2307,8,17,91.7,0,0),(2308,8,17,89.7,85,42),(2309,8,17,89.5,0,0),(2310,8,17,99.9,0,0),(2311,8,17,83.3,85,26),(2312,8,17,91.8,0,0),(2313,8,17,93.9,0,0),(2314,8,17,91.5,0,0),(2315,8,17,94.2,0,0),(2316,8,17,84.2,87.8,61),(2317,8,17,82.8,68.1,46),(2318,8,17,95.6,0,0),(2319,8,17,91.5,73,29),(2320,8,17,93.1,0,0),(2321,8,17,84.8,0,0),(2322,8,17,85.8,0,0),(2323,8,17,92.6,0,0),(2324,8,17,96.6,0,0),(2325,8,17,83.9,0,0),(2326,8,17,90.3,60.8,34),(2327,8,17,85.3,0,0),(2328,8,17,85.6,0,0),(2329,8,17,90.6,0,0),(2330,8,17,85.2,54.3,-10),(2331,8,17,84.6,0,0),(2332,8,17,89.6,0,0),(2333,8,17,83.3,82.2,13),(2334,8,17,100.2,91.1,-3),(2335,8,17,92.7,0,0),(2336,8,17,101,0,0),(2337,8,17,89.1,99,15),(2338,8,17,82.7,0,0),(2339,8,17,87.4,0,0),(2340,8,17,94.4,0,0),(2341,8,17,82.8,0,0),(2342,8,17,84.7,67.4,49),(2343,8,17,86.4,0,0),(2344,8,17,97.3,102.7,38),(2345,8,17,75.9,0,0),(2346,8,17,93.5,0,0),(2347,8,17,92.4,0,0),(2348,8,17,77.9,0,0),(2349,8,17,77.2,0,0),(2350,8,17,93.9,105.4,23),(2351,8,17,92.9,0,0),(2352,8,17,80.2,0,0),(2353,8,17,82.8,103.7,4),(2354,8,17,93.7,0,0),(2355,8,17,92.2,0,0),(2356,8,17,83.3,0,0),(2357,8,17,94.1,0,0),(2358,8,17,72.2,0,0),(2359,8,17,93.8,0,0),(2360,8,17,81.7,0,0),(2361,8,17,95.3,104.1,-13),(2362,8,17,95.1,103,18),(2363,8,17,86.4,73,58),(2364,8,17,97.5,0,0),(2365,8,17,84.1,0,0),(2366,8,17,96.8,0,0),(2367,8,17,96,0,0),(2368,8,17,98.1,0,0),(2369,8,17,96.2,0,0),(2370,8,17,78.9,0,0),(2371,8,17,96.4,0,0),(2372,8,17,95.7,0,0),(2373,8,17,95.2,0,0),(2374,8,17,91.1,100.3,-2),(2375,8,17,91.4,0,0),(2376,8,17,89.6,107.3,12),(2377,8,17,82.4,0,0),(2378,8,17,90.9,0,0),(2379,8,17,90.1,0,0),(2380,8,17,90.3,0,0),(2381,8,17,81.9,0,0),(2382,8,17,80.8,0,0),(2383,8,17,80.1,0,0),(2384,8,17,82.5,0,0),(2385,8,17,93.6,0,0),(2386,8,17,77,0,0),(2387,8,17,76.4,0,0),(2388,8,17,91.1,104.9,9),(2389,8,17,82.1,41.2,-50),(2390,8,17,89.2,105.9,8),(2391,8,17,77.6,0,0),(2392,8,17,87.8,0,0),(2393,8,17,85,95.9,-7),(2394,8,17,92.2,106.7,-4),(2395,8,17,63.4,0,0),(2396,8,17,62.8,0,0),(2397,8,17,59.6,0,0),(2398,8,17,56.6,0,0),(2399,8,17,52.2,0,0),(2400,8,17,50.6,0,0),(2401,8,17,89.8,0,0),(2402,8,17,71.5,102.7,32),(2403,8,17,93.7,94.3,78),(2404,8,17,70.8,0,0),(2405,8,17,91.3,86.4,57),(2406,8,17,95.6,72.4,26),(2407,8,17,85,71.1,51),(2408,8,17,95.4,64.7,53),(2409,8,17,93.4,0,0),(2410,8,17,94.8,0,0),(2411,8,17,85.2,101.7,0),(2412,8,17,85,0,0),(2413,8,17,90.7,96.5,80),(2414,8,17,92.4,81.3,-23),(2415,8,17,91.3,0,0),(2416,8,17,82,0,0),(2417,8,17,86.2,86.5,54),(2418,8,17,100.8,80.4,16),(2419,8,17,99.5,0,0),(2420,8,17,85.9,0,0),(2421,8,17,86.1,0,0),(2422,8,17,83.2,77.9,45),(2423,8,17,82.6,0,0),(2424,8,17,86.2,108,15),(2425,8,17,84.7,80.9,60),(2426,8,17,80.7,93,49),(2427,8,17,91,0,0),(2428,8,17,80.7,0,0),(2429,8,17,80.1,66.2,26),(2430,8,17,81,0,0),(2431,8,17,93.5,95,30),(2432,8,17,84,79.6,60),(2433,8,17,88.8,103.8,36),(2434,8,17,88.7,0,0),(2435,8,17,94.2,99.6,45),(2436,8,17,81.1,0,0),(2437,8,17,88,0,0),(2438,8,17,88.1,0,0),(2439,8,17,86.2,0,0),(2440,8,17,76.7,0,0),(2441,8,17,85.1,0,0),(2442,8,17,84.4,40.9,-30),(2443,8,17,82.9,0,0),(2444,8,17,83,0,0),(2445,8,17,93.3,0,0),(2446,8,17,81.5,82.8,14),(2447,8,17,83.7,30.4,-24),(2448,8,17,85.5,0,0),(2449,8,17,96,82.8,10),(2450,8,17,95.4,91.2,71),(2451,8,17,84.7,0,0),(2452,8,17,84,0,0),(2453,8,17,88.2,0,0),(2454,8,17,93.1,79.6,45),(2455,8,17,81.8,0,0),(2456,8,17,90.7,106.6,-2),(2457,4,17,89.9,82.1,-10),(2458,4,17,89.9,0,0),(2459,4,17,86,0,0),(2460,4,17,83.5,0,0),(2461,4,17,97,97.8,37),(2462,4,17,90.1,0,0),(2463,4,17,94.7,0,0),(2464,4,17,87.9,82.2,-12),(2465,4,17,82.8,0,0),(2466,4,17,89.5,106.4,-20),(2467,4,17,93.3,0,0),(2468,4,17,89,100.8,11),(2469,4,17,96.6,0,0),(2470,4,17,83.4,0,0),(2471,4,17,89.2,0,0),(2472,4,17,94.2,0,0),(2473,4,17,94.8,0,0),(2474,4,17,92,80.1,39),(2475,4,17,85.8,0,0),(2476,4,17,91.3,0,0),(2477,4,17,94.3,75.1,33),(2478,4,17,93.4,0,0),(2479,4,17,93.9,0,0),(2480,4,17,84.4,0,0),(2481,4,17,84,71,-36),(2482,4,17,77.1,0,0),(2483,4,17,87.9,0,0),(2484,4,17,98,71.4,37),(2485,4,17,86.2,0,0),(2486,4,17,83,0,0),(2487,4,17,86.8,0,0),(2488,4,17,90.7,0,0),(2489,4,17,94.9,75.1,62),(2490,4,17,84.2,0,0),(2491,4,17,79.3,74,-21),(2492,4,17,84.2,109.3,0),(2493,4,17,79.6,0,0),(2494,4,17,95.9,0,0),(2495,4,17,94.5,0,0),(2496,4,17,90.1,107.1,9),(2497,4,17,91.1,0,0),(2498,4,17,80.7,62.6,72),(2499,4,17,79.1,0,0),(2500,4,17,82,86.7,46),(2501,4,17,82.1,0,0),(2502,4,17,90.6,0,0),(2503,4,17,88.8,0,0),(2504,4,17,76.2,0,-48),(2505,4,17,77.4,0,0),(2506,4,17,97.7,0,0),(2507,4,17,82.1,94.3,56),(2508,4,17,87.6,0,0),(2509,4,17,90.5,66.7,-52),(2510,4,17,92.1,69.5,48),(2511,4,17,81.7,85.8,-16),(2512,4,17,85.4,0,0),(2513,4,17,80.9,75.3,-30),(2514,4,17,91.5,0,0),(2515,4,17,91.4,0,0),(2516,4,17,77.3,71.9,3),(2517,4,17,91.9,102.3,13),(2518,4,17,75.6,0,0),(2519,4,17,96.5,87.2,-27),(2520,4,17,78.5,83.5,57),(2521,4,17,93.1,0,0),(2522,4,17,84.7,0,0),(2523,4,17,89,98.1,27),(2524,4,17,89,0,0),(2525,4,17,76.9,0,0),(2526,4,17,90.4,0,0),(2527,4,17,93,84.6,48),(2528,4,17,82.9,0,0),(2529,4,17,81.4,0,0),(2530,4,17,81.7,0,0),(2531,4,17,84.1,0,0),(2532,4,17,94.5,73.1,6),(2533,4,17,94,0,0),(2534,4,17,76.8,0,0),(2535,4,17,94.4,0,0),(2536,4,17,77.6,0,0),(2537,4,17,81.7,84.9,26),(2538,4,17,82.4,0,0),(2539,4,17,93.6,71.7,49),(2540,4,17,95.3,0,0),(2541,4,17,95.6,0,0),(2542,4,17,94.1,0,0),(2543,4,17,96.1,90.8,-2),(2544,4,17,88,0,0),(2545,4,17,95.3,81.8,51),(2546,4,17,87.7,0,0),(2547,4,17,95.2,72.7,42),(2548,4,17,95.4,57.9,-57),(2549,4,17,82.5,0,0),(2550,4,17,95.5,0,0),(2551,4,17,94.2,98.8,23),(2552,4,17,93.5,0,0),(2553,4,17,94.9,0,0),(2554,4,17,85.6,0,0),(2555,4,17,86.2,75.6,47),(2556,4,17,91.8,100,9),(2557,4,17,94.6,0,0),(2558,4,17,86,58,-7),(2559,4,17,94.3,0,0),(2560,4,17,84.6,0,0),(2561,4,17,91.2,0,0),(2562,4,17,83.8,0,0),(2563,4,17,84.5,0,0),(2564,4,17,85.7,0,0),(2565,4,17,84.1,66.2,36),(2566,4,17,95.1,0,0),(2567,4,17,85.3,0,0),(2568,4,17,86.6,82.4,-29),(2569,4,17,75.2,0,0),(2570,4,17,83.5,76.5,-34),(2571,4,17,85.5,0,0),(2572,4,17,93.1,107,-2),(2573,4,17,92.4,0,0),(2574,4,17,89.8,0,0),(2575,4,17,96.3,0,0),(2576,4,17,77.8,105.3,-1),(2577,4,17,96,0,0),(2578,4,17,80.6,71.7,74),(2579,4,17,80.4,0,0),(2580,4,17,88.6,0,0),(2581,4,17,86.3,0,0),(2582,4,17,92.8,84.6,-38),(2583,4,17,89.4,80.9,10),(2584,4,17,73.2,36.1,21),(2585,4,17,92.8,73.1,39),(2586,4,17,88.9,66.8,-31),(2587,4,17,88,83.2,5),(2588,4,17,91,0,0),(2589,4,17,70.3,76.9,34),(2590,4,17,70.9,0,0),(2591,4,17,84.9,57.3,-32),(2592,4,17,85.3,85.6,-18),(2593,4,17,77.2,0,0),(2594,4,17,84.6,102.5,12),(2595,4,17,87.4,0,0),(2596,4,17,92,0,0),(2597,4,17,80.9,64.5,-47),(2598,4,17,79.4,0,0),(2599,4,17,90.5,0,0),(2600,4,17,94.4,62.4,37),(2601,4,17,95.4,0,0),(2602,4,17,81.3,93.4,37),(2603,4,17,96.2,74.7,13),(2604,4,17,81.8,0,0),(2605,4,17,94.6,87.7,-49),(2606,4,17,93.7,0,-61),(2607,4,17,93.2,100.7,35),(2608,4,17,79.9,0,0),(2609,4,17,73.8,80.3,1),(2610,4,17,90.7,92.9,37),(2611,4,17,75.2,103.3,7),(2612,4,17,76.3,0,0),(2613,4,17,95.8,0,0),(2614,4,17,97.9,94.7,-2),(2615,4,17,99,0,0),(2616,4,17,88.1,0,0),(2617,4,17,96.9,90,-40),(2618,4,17,82.2,80.4,43),(2619,4,17,95.6,74.5,40),(2620,4,17,83.2,0,0),(2621,4,17,97.2,0,0),(2622,4,17,96.5,0,0),(2623,4,17,87.4,101.9,-1),(2624,4,17,80.7,0,0),(2625,4,17,80.6,0,0),(2626,4,17,90.5,101.9,42),(2627,4,17,96.9,0,0),(2628,4,17,83.6,0,0),(2629,4,17,92,87,67),(2630,4,17,89.9,106.2,0),(2631,4,17,97.5,0,0),(2632,4,17,72.9,0,0),(2633,4,17,89.7,85.6,68),(2634,4,17,84.8,0,0),(2635,4,17,91.8,0,0),(2636,4,17,86.7,0,0),(2637,4,17,96.4,99.1,-22),(2638,4,17,85.9,72.1,-28),(2639,4,17,86.5,0,0),(2640,4,17,96.2,76.6,52),(2641,4,17,97,0,0),(2642,4,17,83.4,61.6,30),(2643,4,17,93.3,67.3,70),(2644,4,17,93.2,0,0),(2645,4,17,89.1,99.2,-8),(2646,4,17,89.5,0,0),(2647,4,17,91.5,100.5,24),(2648,4,17,79.1,61.3,32),(2649,4,17,84,71.1,-45),(2650,4,17,93,0,0),(2651,4,17,92.5,77.4,15),(2652,4,17,85.2,0,0),(2653,4,17,95.9,105.9,6),(2654,4,17,89.4,0,0),(2655,4,17,88.3,0,0),(2656,4,17,94.8,72.2,33),(2657,4,17,87.9,97.1,-8),(2658,4,17,96.2,0,0),(2659,4,17,96.2,75.7,-22),(2660,4,17,85.1,0,0),(2661,4,17,89.6,0,0),(2662,4,17,96.4,0,0),(2663,7,17,82,88.3,-27),(2664,7,17,93.4,69.9,31),(2665,7,17,93.8,0,0),(2666,7,17,82.7,64.8,47),(2667,7,17,95.7,0,0),(2668,7,17,86,0,0),(2669,7,17,83.9,0,0),(2670,7,17,85.4,0,0),(2671,7,17,94.2,0,0),(2672,7,17,92.5,91.2,10),(2673,7,17,92.3,0,0),(2674,7,17,85,0,0),(2675,7,17,82.9,93.3,0),(2676,7,17,83.5,0,0),(2677,7,17,92.1,0,0),(2678,7,17,75.8,78.2,39),(2679,7,17,88.7,90.7,-6),(2680,7,17,84.3,0,0),(2681,7,17,80.4,80.2,-22),(2682,7,17,87.3,0,0),(2683,7,17,86.9,0,0),(2684,7,17,84.6,0,0),(2685,7,17,90.4,107.2,23),(2686,7,17,89.5,78.2,-15),(2687,7,17,85.5,0,0),(2688,7,17,88.2,0,0),(2689,7,17,100.5,102.3,-48),(2690,7,17,87.5,0,0),(2691,7,17,89.2,0,0),(2692,7,17,99.8,83.5,45),(2693,7,17,93.6,106.5,7),(2694,7,17,94,0,0),(2695,7,17,95.6,82.7,40),(2696,7,17,96.6,0,0),(2697,7,17,79.4,69.4,-27),(2698,7,17,97.3,0,0),(2699,7,17,95,78.7,38),(2700,7,17,85.1,48.7,-47),(2701,7,17,85.3,0,0),(2702,7,17,96.6,58.8,13),(2703,7,17,98.1,0,0),(2704,7,17,95.9,0,0),(2705,7,17,99.1,0,0),(2706,7,17,98.6,83.5,-51),(2707,7,17,97.8,0,0),(2708,7,17,98.3,0,0),(2709,7,17,97.5,0,0),(2710,7,17,97.6,0,0),(2711,7,17,78.6,0,0),(2712,7,17,76.8,0,0),(2713,7,17,76.2,0,0),(2714,7,17,75.9,0,0),(2715,7,17,80.9,82.2,3),(2716,7,17,90.6,0,0),(2717,7,17,81.6,0,0),(2718,7,17,80.7,0,0),(2719,7,17,70.7,0,0),(2720,7,17,89,0,0),(2721,7,17,78,74.8,8),(2722,7,17,78,0,0),(2723,7,17,91.9,103,19),(2724,7,17,92.2,81,45),(2725,7,17,79.8,0,0),(2726,7,17,77.7,0,0),(2727,7,17,88.3,68.2,28),(2728,7,17,93.4,0,0),(2729,7,17,88.9,0,0),(2730,7,17,71.2,0,0),(2731,7,17,88.8,0,0),(2732,7,17,69.9,0,0),(2733,7,17,76.9,0,0),(2734,7,17,96.7,100.5,-3),(2735,7,17,97.5,83.2,10),(2736,7,17,87.4,0,0),(2737,7,17,96.8,0,0),(2738,7,17,96,0,0),(2739,7,17,97,0,0),(2740,7,17,95.4,0,0),(2741,7,17,95,0,0),(2742,7,17,84.5,0,0),(2743,7,17,85.9,0,0),(2744,7,17,91.3,0,0),(2745,7,17,94.6,0,0),(2746,12,17,95.5,0,0),(2747,12,17,89,73.8,-24),(2748,12,17,94.9,96.9,-39),(2749,12,17,94.9,0,0),(2750,12,17,84.2,0,0),(2751,12,17,77,0,0),(2752,12,17,88.2,72.7,38),(2753,12,17,83.2,98.3,18),(2754,12,17,94.4,0,0),(2755,12,17,94.6,0,0),(2756,12,17,95.2,0,0),(2757,12,17,95.2,67.7,61),(2758,12,17,92.8,88.1,22),(2759,12,17,93.3,0,0),(2760,12,17,86.4,0,0),(2761,12,17,92.8,0,0),(2762,12,17,92.2,98.9,34),(2763,12,17,94.1,0,0),(2764,12,17,92.8,81.7,34),(2765,12,17,72.4,78.1,-33),(2766,12,17,90.6,106.6,16),(2767,12,17,84.8,0,0),(2768,12,17,81.6,106.3,12),(2769,12,17,85.6,70.7,-39),(2770,12,17,80.5,0,0),(2771,12,17,92.5,89.1,-40),(2772,12,17,84.1,63.5,-58),(2773,12,17,94,84.7,64),(2774,12,17,92.5,0,0),(2775,12,17,78.5,78.3,2),(2776,12,17,71.8,0,0),(2777,12,17,91.4,0,0),(2778,12,17,78.8,0,0),(2779,12,17,91.2,108.9,0),(2780,12,17,86.8,99.1,28),(2781,12,17,90.9,0,0),(2782,12,17,86,0,0),(2783,12,17,88.3,87.4,30),(2784,12,17,82.6,0,0),(2785,12,17,79.7,0,0),(2786,12,17,87.3,97.2,17),(2787,12,17,87.3,0,0),(2788,12,17,87.4,0,0),(2789,12,17,86.6,0,0),(2790,12,17,94.4,77.6,13),(2791,12,17,90.6,0,0),(2792,12,17,92.2,0,0),(2793,12,17,93.4,0,0),(2794,12,17,93.6,106,16),(2795,12,17,84.4,0,0),(2796,12,17,82.7,0,0),(2797,12,17,92.7,92.1,10),(2798,12,17,93.4,79.1,57),(2799,12,17,91.8,0,0),(2800,12,17,90.8,0,0),(2801,12,17,91,86,-4),(2802,12,17,82.2,0,0),(2803,12,17,90.3,0,0),(2804,12,17,83.7,102.5,-1),(2805,12,17,86.1,73.9,59),(2806,12,17,91.9,0,0),(2807,12,17,91.2,0,0),(2808,12,17,94.5,0,0),(2809,12,17,85.7,0,0),(2810,12,17,92.9,0,0),(2811,12,17,85.8,0,0),(2821,12,17,80.9,0,0),(2822,12,17,92.1,78.7,-44),(2823,12,17,91.7,0,0),(2824,12,17,79.9,0,0),(2825,12,17,85.4,79.8,15),(2826,12,17,82.3,0,0),(2827,12,17,89.7,71,27),(2828,12,17,83.9,0,0),(2829,12,17,73.5,0,0),(2830,12,17,87.8,0,0),(2831,12,17,97.2,0,0),(2832,12,17,88.4,0,0),(2833,12,17,83,0,0),(2834,12,17,96.5,0,0),(2835,12,17,96.4,68.1,-29),(2836,12,17,89,0,0),(2837,12,17,74.9,0,0),(2838,12,17,77.1,0,0),(2839,12,17,94.3,96.1,26),(2840,12,17,84.1,0,0),(2841,12,17,83.5,0,0),(2842,12,17,81.2,0,0),(2843,12,17,80,0,0),(2844,12,17,95.7,95.6,6),(2845,12,17,95.6,81.7,-8),(2846,12,17,95.3,86.2,28),(2847,12,17,95.7,0,0),(2848,12,17,96.1,0,0),(2849,12,17,94.2,0,0),(2850,12,17,93.9,90.2,-23),(2851,12,17,93.5,63,-63),(2852,12,17,93.5,64.7,-28),(2853,12,17,83.7,0,0),(2854,12,17,93.7,81.6,19),(2855,12,17,82.1,0,0),(2856,12,17,91.3,81.1,37),(2857,12,17,81.6,0,0),(2858,12,17,76.6,0,0),(2859,12,17,81.4,86.3,6),(2860,12,17,89.6,61.8,22),(2861,12,17,81.3,0,0),(2862,12,17,77.6,0,0),(2863,12,17,86.5,0,0),(2864,12,17,91.1,0,0),(2865,12,17,84.5,0,0),(2866,12,17,95.9,0,0),(2867,12,17,97.4,0,0),(2868,12,17,86,98.3,26),(2869,12,17,85.4,99.5,-14),(2870,12,17,87.6,0,0),(2871,12,17,95.4,0,0),(2872,12,17,93.9,69.1,-51),(2873,12,17,83.4,0,0),(2874,12,17,81.7,0,0),(2875,12,17,96,0,0),(2876,12,17,95.1,0,0),(2877,12,17,94.3,0,0),(2878,12,17,81.1,0,0),(2879,12,17,94.2,86.9,-21),(2880,12,17,94.1,97.2,-34),(2881,12,17,80.8,92.8,50),(2882,12,17,93.9,0,0),(2883,12,17,78.7,99.6,26),(2884,12,17,78.3,0,0),(2885,12,17,90.4,0,0),(2886,12,17,92.4,75.4,23),(2887,12,17,89.3,0,0),(2888,12,17,89.2,69.9,55),(2889,12,17,78.9,0,0),(2890,12,17,92.6,98,10),(2891,12,17,97.5,0,0),(2892,12,17,83.3,104,11),(2893,12,17,97.6,71.2,30),(2894,12,17,83.1,0,0),(2895,12,17,96.2,73.7,-69),(2896,12,17,82.4,0,0),(2897,12,17,95.3,0,0),(2898,12,17,87.3,94.2,10),(2899,12,17,88.8,0,0),(2900,12,17,95,0,0),(2901,12,17,94.2,0,-26),(2902,12,17,94,0,0),(2903,12,17,93.6,0,0),(2904,12,17,96.5,98.2,23),(2905,12,17,96.9,0,0),(2906,12,17,88.9,0,0),(2907,12,17,93.9,104.9,28),(2908,12,17,82.5,0,0),(2909,12,17,79.8,0,-30),(2910,12,17,87.7,0,0),(2911,12,17,80.4,0,0),(2912,12,17,88.5,0,0),(2913,12,17,81,0,0),(2914,12,17,85.7,111.1,17),(2915,12,17,89.8,0,0),(2916,12,17,80.3,0,0),(2917,12,17,81.1,68.1,-16),(2918,12,17,90.3,74.6,42),(2919,12,17,80.7,0,0),(2920,12,17,89.5,0,0),(2921,12,17,90.2,73.6,-7),(2922,12,17,95.5,84.6,57),(2923,12,17,85.2,95.1,7),(2924,12,17,96.2,91.3,45),(2925,12,17,90.2,0,0),(2926,12,17,85,0,0),(2927,12,17,90.4,103,-17),(2928,12,17,86.1,0,0),(2929,12,17,85.2,83.3,50),(2930,12,17,92.1,0,0),(2931,12,17,91.7,79.9,29),(2932,12,17,97.1,78.1,66),(2933,12,17,91.3,0,0),(2934,12,17,86.8,100,3),(2935,12,17,92.1,75.6,11),(2936,12,17,88.3,0,0),(2937,12,17,81.9,65,-29),(2938,12,17,97.6,0,0),(2939,12,17,96.6,75.2,-18),(2940,12,17,91.6,71.8,-5),(2941,12,17,89.2,0,0),(2942,12,17,99.4,0,0),(2943,12,17,88,83.9,20),(2944,12,17,95.3,72.5,21),(2945,12,17,93,0,0),(2946,12,17,98.5,0,0),(2947,12,17,88.2,0,0),(2948,11,17,95,100.2,9),(2949,11,17,93.9,64.2,38),(2950,11,17,93.1,0,0),(2951,11,17,87.6,100.6,37),(2952,11,17,73.3,0,0),(2953,11,17,83.7,61,-13),(2954,11,17,83.9,0,0),(2955,11,17,91.7,0,0),(2956,11,17,83.8,0,0),(2957,11,17,75.1,0,0),(2958,11,17,95,0,0),(2959,11,17,94.9,0,0),(2960,11,17,94.5,0,0),(2961,11,17,95.1,0,0),(2962,11,17,72.8,83.1,21),(2963,11,17,73,74.9,-9),(2964,11,17,91.2,0,0),(2965,11,17,91,0,0),(2966,11,17,91,100.8,3),(2967,11,17,81.8,0,0),(2968,11,17,70.3,0,0),(2969,11,17,74.9,97.4,38),(2970,11,17,84.2,0,0),(2971,11,17,92.5,77,54),(2972,11,17,85.2,98.9,18),(2973,11,17,89.9,0,0),(2974,11,17,80.5,0,0),(2975,11,17,85.6,0,0),(2976,11,17,88.8,0,0),(2977,11,17,93.5,101.7,22),(2978,11,17,81,83.5,-10),(2979,11,17,95.1,69.2,43),(2980,11,17,94.4,0,0),(2981,11,17,93.8,0,0),(2982,11,17,85,0,0),(2983,11,17,87.8,80.6,-44),(2984,11,17,87.7,0,0),(2985,11,17,91.6,67.4,-22),(2986,11,17,92.7,102.3,18),(2987,11,17,88.2,85.2,46),(2988,11,17,83.4,89.4,33),(2989,11,17,85.9,0,0),(2990,11,14,96.5,58,13),(2991,11,14,96.5,0,0),(2992,11,17,82.1,0,0),(2993,11,17,92.3,0,0),(2994,11,17,89.7,89,-31),(2995,11,17,92.6,0,0),(2996,11,17,82.7,85.4,-8),(2997,11,17,90.9,0,0),(2998,11,17,83.1,100.9,20),(2999,11,17,92.1,0,0),(3000,11,17,83.7,0,0),(3001,11,17,89.4,72.3,-16),(3002,11,17,90.4,0,0),(3003,11,17,89.6,99.5,-1),(3004,11,17,89.4,0,0),(3005,11,17,84.9,0,0),(3006,11,17,74.9,0,0),(3007,11,17,82.3,0,0),(3008,11,17,81,63.7,28),(3009,11,17,79.5,0,0),(3010,11,17,81.3,100.5,33),(3011,11,17,78.8,97,-19),(3012,11,17,90.5,73.3,51),(3013,11,17,86.6,0,0),(3014,11,17,89.4,81.2,47),(3020,11,17,92.4,102.8,32),(3021,11,17,92.9,80.7,73),(3022,11,17,93,0,0),(3025,11,17,97.3,88.3,43),(3026,11,17,94,0,0),(3027,11,17,82.7,48.8,51),(3028,11,17,93.6,103.8,30),(3029,11,17,93,107,29),(3030,11,17,88.4,0,0),(3031,11,17,93.2,0,0),(3032,11,17,88.7,0,0),(3033,11,17,88.8,97.4,15),(3034,11,17,95.7,0,0),(3035,11,17,98.2,80.1,-15),(3036,11,17,96.7,0,0),(3037,11,17,82.5,0,0),(3038,11,17,94.8,0,0),(3039,11,17,80.3,93.9,-17),(3040,11,17,94.2,0,0),(3041,11,17,81.1,0,0),(3042,11,17,79.2,0,0),(3043,11,17,92.6,82.9,18),(3044,11,17,92.5,0,0),(3045,11,17,93.9,0,0),(3046,11,17,77.9,0,0),(3047,11,17,90.9,95.6,14),(3048,11,17,90.6,78.1,-9),(3049,11,17,90.1,66.2,59),(3050,11,17,90.3,22.2,-32),(3051,11,17,80.2,0,0),(3052,11,17,86.1,91.5,65),(3053,11,17,98.6,0,0),(3054,11,17,76.1,0,0),(3055,11,17,98.6,69,62),(3056,11,17,87.5,0,0),(3057,11,17,78,0,0),(3058,11,17,88.3,64.3,36),(3059,11,17,97.4,71.5,80),(3060,11,17,97.9,0,0),(3061,11,17,98.3,0,0),(3062,11,17,98.4,0,0),(3063,11,17,83.7,72.3,-26),(3064,11,17,90.7,84.2,2),(3065,11,17,90.3,67.3,-38),(3066,11,17,92.9,100.1,18),(3067,11,17,88.3,0,0),(3068,11,17,95.5,79,43),(3069,11,17,81.9,0,0),(3070,11,17,94.7,85,-34),(3071,11,17,82.9,0,0),(3072,11,17,92.2,0,0),(3073,11,17,95.1,98.6,1),(3074,11,17,95.8,0,0),(3075,11,17,87,78.4,58),(3076,11,17,94.4,87.8,36),(3077,11,17,85.6,43.4,24),(3078,11,17,88.8,68.7,-38),(3079,11,17,90,0,0),(3080,11,17,80.7,101.8,29),(3081,11,17,95.7,71,73),(3082,11,17,92.8,77.5,52),(3083,11,17,89.7,0,0),(3084,11,17,95.1,86.1,53),(3085,11,17,95,76.2,46),(3086,11,17,92.3,101.5,9),(3087,11,17,93.5,0,0),(3088,11,17,97.3,100.9,24),(3089,11,17,97,0,0),(3090,11,17,95.6,99.1,6),(3091,11,17,93.4,108.8,13),(3092,11,17,93.7,0,0),(3093,11,17,93.6,0,0),(3094,11,17,83.3,66,-46),(3095,11,17,96,86.1,-33),(3096,11,17,95.4,57,-25),(3097,11,17,81.6,0,0),(3098,11,17,83.2,76.4,11),(3099,11,17,88.7,48,59),(3100,11,17,94.3,76.3,59),(3101,11,17,84.8,0,0),(3102,11,17,78.4,0,0),(3103,11,17,88.4,82,49),(3104,11,17,88,0,0),(3105,11,17,96.1,0,0),(3106,11,17,89.8,0,0),(3107,11,17,87.2,108,16),(3108,11,17,86.9,0,0),(3109,11,17,85,99.4,12),(3110,11,17,87.6,89.9,-19),(3111,11,17,81,92.6,45),(3112,11,17,87.1,0,0),(3113,11,17,88.8,82.7,-37),(3114,11,17,83.4,0,0),(3115,11,17,85.2,0,0),(3116,11,17,95.2,0,0),(3117,11,17,90.7,0,0),(3118,11,17,89.1,71.5,-36),(3119,11,17,87.4,0,0),(3120,11,17,80.8,93.1,57),(3121,11,17,86.3,0,0),(3122,11,17,89.1,0,0),(3123,11,17,96.3,91.1,65),(3124,11,17,95.9,0,0),(3125,11,17,91.6,0,0),(3126,11,17,92.4,0,0),(3127,11,17,96.3,106.7,3),(3128,11,17,97.2,0,0),(3129,11,17,96.4,94.1,5),(3130,11,17,82,0,0),(3131,11,17,96.9,0,0),(3132,11,17,87.3,0,0),(3133,11,17,91.8,0,0),(3134,11,17,82.7,0,0),(3135,11,17,80.5,103.1,10),(3136,11,17,81.7,82.3,22),(3137,11,17,91.4,0,0),(3138,11,17,81.4,0,0),(3139,11,17,97.1,0,0),(3140,3,17,88,0,0),(3141,3,17,96.9,0,0),(3142,3,17,90,0,0),(3143,3,17,96.1,67.4,67),(3144,3,17,97.1,0,0),(3145,3,17,97.4,0,0),(3146,3,17,96.4,73.9,32),(3147,3,17,81.6,89.4,3),(3148,3,17,91.6,0,0),(3149,3,17,78.1,0,0),(3150,3,17,96.8,0,0),(3151,3,17,89.2,0,0),(3152,3,17,89,0,0),(3153,3,17,93.7,0,0),(3154,3,17,96.4,0,0),(3155,3,17,88.6,0,0),(3156,3,17,87.5,0,0),(3157,3,17,93.4,0,0),(3158,3,17,96.7,0,0),(3159,3,17,89.4,0,0),(3160,3,17,92.5,0,0),(3161,3,17,85,0,0),(3162,3,17,85.7,0,0),(3163,3,17,84.7,72.2,32),(3164,3,17,84.8,0,0),(3165,3,17,96,99.6,21),(3166,3,17,96.5,72.5,52),(3167,3,17,87.4,0,0),(3168,3,17,97.3,83.8,69),(3169,3,17,96.3,0,0),(3170,3,17,97.6,0,0),(3171,3,17,94,94.8,-19),(3172,3,17,80.6,85.6,11),(3173,3,17,90.6,64.9,43),(3174,3,17,90.8,73.3,-14),(3175,3,17,90.1,68.3,-37),(3176,3,17,80.5,54,38),(3177,3,17,90.6,0,0),(3178,3,17,81,0,0),(3179,3,17,90.9,61.6,61),(3180,3,17,91.2,0,0),(3181,3,17,91,0,0),(3182,3,17,93.8,84.1,53),(3183,3,17,85.3,25.2,-51),(3184,3,17,93.1,0,0),(3185,3,17,88.8,0,0),(3186,3,17,91.9,0,-67),(3187,3,17,91.1,0,0),(3188,3,17,90.9,0,0),(3189,3,17,89.8,96.6,1),(3190,3,17,88.5,52.4,-36),(3191,3,17,87.6,0,0),(3192,3,17,88.4,0,0),(3193,3,17,85.1,103.6,11),(3194,3,17,92.5,104.4,13),(3195,3,17,84.3,0,0),(3196,3,17,91.8,0,0),(3197,3,17,81.5,101.1,7),(3198,3,17,88.5,0,0),(3199,3,17,95,86.5,21),(3200,3,17,77.6,0,0),(3201,3,17,79.1,0,0),(3202,3,17,95.5,71.8,46),(3203,3,17,94.6,0,0),(3204,3,17,76.1,0,0),(3205,3,17,80.8,0,0),(3206,3,17,94.7,0,0),(3207,3,17,92.9,0,0),(3208,3,17,94.3,0,0),(3209,3,17,79.2,44,-23),(3210,3,17,87.7,0,0),(3211,3,17,93.9,0,0),(3212,3,17,81.9,0,0),(3213,3,17,92.3,69.9,33),(3214,3,17,77.8,70,57),(3215,3,17,94.5,0,0),(3216,3,17,94.4,77.3,12),(3217,3,17,95.4,0,0),(3218,3,17,82.3,0,0),(3219,3,17,95,0,0),(3220,3,17,78.2,0,0),(3221,3,17,93.3,0,0),(3222,3,17,79.2,0,0),(3223,3,17,81.2,0,0),(3224,3,17,94.2,0,0),(3225,3,17,95.8,0,0),(3226,3,17,92.6,0,0),(3227,3,17,81.5,0,0),(3228,3,17,96.5,74.1,69),(3229,3,17,95.7,77.8,15),(3230,3,17,93.3,96.5,0),(3231,3,17,76.2,0,0),(3232,3,17,88.9,0,0),(3233,3,17,91.3,106.4,20),(3234,3,17,91.4,0,0),(3235,3,17,98.5,0,0),(3236,3,17,94,107.7,11),(3237,3,17,91.8,60.8,23),(3238,3,17,86.7,0,0),(3239,3,17,85.5,0,0),(3240,3,17,82.7,100.2,9),(3241,3,17,87.3,0,0),(3242,3,17,86,0,0),(3243,3,17,87,0,0),(3244,3,17,88.1,65.5,-41),(3245,3,17,71.6,91.7,27),(3246,3,17,89.1,86.4,-27),(3247,3,17,91.7,73,22),(3248,3,17,85.6,0,0),(3249,3,17,90.3,0,0),(3250,3,17,97,100.4,22),(3251,3,17,95.5,0,0),(3252,3,17,82.7,0,0),(3253,3,17,90,66,54),(3254,3,17,90.6,75.4,56),(3255,3,17,83.2,0,0),(3256,3,17,89.9,92.1,-17),(3257,3,17,82.5,0,0),(3258,3,17,90.2,73.9,20),(3259,3,17,88.1,101.5,-8),(3260,3,17,92.7,0,0),(3261,3,17,95.7,77.6,35),(3262,3,17,80.1,106.3,-27),(3263,3,17,94.1,0,0),(3264,3,17,94.8,0,0),(3265,3,17,79.6,0,0),(3266,3,17,82.4,89.8,33),(3267,3,17,95.2,0,0),(3268,3,17,90.8,88.9,23),(3269,3,17,91.3,0,0),(3270,3,17,92.6,105.9,16),(3271,3,17,80.2,0,0),(3272,3,17,85.9,77.7,-6),(3273,3,17,83.7,84.8,73),(3274,3,17,91.5,0,0),(3275,3,17,86.2,93.3,-48),(3276,3,17,81.1,0,0),(3277,3,17,94.3,85.5,3),(3278,3,17,96.5,0,0),(3279,3,17,96,0,0),(3280,3,17,95.7,70.3,40),(3281,3,17,82.6,0,0),(3282,3,17,95.7,88.6,46),(3283,3,17,74.1,88.7,48),(3284,3,17,80,0,0),(3285,3,17,87.6,68.2,37),(3286,3,17,95.9,0,0),(3287,3,17,82.8,0,0),(3288,3,17,92.7,88.9,-9),(3289,3,17,78.6,98.8,34),(3290,3,17,79.9,0,0),(3291,16,17,90.7,0,0),(3292,16,17,89.9,0,0),(3293,16,17,94.5,0,0),(3294,16,17,82.7,0,0),(3295,16,17,91.5,0,0),(3296,16,17,84.6,0,0),(3297,16,17,85.5,89.6,-28),(3298,16,17,84.8,72.7,-43),(3299,16,17,88.9,0,0),(3300,16,17,92.2,0,0),(3301,16,17,91.3,0,0),(3302,16,17,77.3,0,0),(3303,16,17,93.4,0,0),(3304,16,17,96.9,0,0),(3305,16,17,92,0,0),(3306,16,17,79.9,105.1,14),(3307,16,17,92.8,0,0),(3308,16,17,81,0,0),(3309,16,17,93.8,0,0),(3310,16,17,86.1,0,0),(3311,16,17,79.9,62,60),(3312,16,17,81.1,0,0),(3313,16,17,92.7,77.9,15),(3314,16,17,84,0,0),(3315,16,17,93.5,0,0),(3316,16,17,92.5,77.1,20),(3317,16,17,82.9,0,0),(3318,16,17,79.6,87.3,-46),(3319,16,17,87.1,0,0),(3320,16,17,93.1,82.8,68),(3321,16,17,93.7,0,0),(3322,16,17,94.6,102,14),(3323,16,17,87.4,71,10),(3324,16,17,76.7,0,0),(3325,16,17,92.5,0,0),(3326,16,17,87.3,97.6,-9),(3327,16,17,75.8,0,0),(3328,16,10,92.4,105.9,21),(3329,16,10,82.1,0,0),(3330,16,10,91,80.9,-42),(3331,16,17,82.5,107.8,30),(3332,16,10,91.4,72.1,-33),(3333,16,17,92.9,0,0),(3334,16,10,78.7,0,0),(3335,16,17,95.1,102.6,54),(3336,16,17,87,0,0),(3337,16,17,80.4,0,0),(3338,16,17,92.3,0,0),(3339,16,17,90.6,67.7,56),(3340,16,17,89.8,0,0),(3341,16,17,90.9,0,0),(3342,16,17,90.6,0,0),(3343,16,17,90.3,0,0),(3344,16,17,93,0,0),(3345,16,17,86.4,0,0),(3346,16,17,85.3,0,0),(3347,16,17,93.1,0,0),(3348,16,17,81.6,95.2,43),(3349,16,17,80.8,80.7,-2),(3350,16,17,80.7,0,0),(3351,16,17,93,80.6,42),(3352,16,17,98.3,62.2,84),(3353,16,17,84.7,0,0),(3354,16,17,96.5,72.8,74),(3355,16,17,97.8,0,0),(3356,16,17,98,0,0),(3357,16,17,87.5,93.3,28),(3358,16,17,86.6,71.3,15),(3359,16,17,93.7,104.4,25),(3360,16,17,82.6,63.5,37),(3361,16,17,96.3,104.4,-15),(3362,16,17,95.5,0,0),(3363,16,17,89.2,0,0),(3364,16,17,95.4,0,0),(3365,16,17,92.1,93.7,54),(3366,16,17,83.6,0,0),(3367,16,17,87.9,0,0),(3368,16,17,84.2,0,0),(3369,16,17,84.8,0,0),(3370,16,17,84.1,0,0),(3371,16,17,86.3,0,0),(3372,16,17,86.4,99.8,12),(3373,16,17,74.9,76.2,24),(3374,16,17,94.9,72.1,32),(3375,16,17,83.9,98.9,-42),(3376,16,17,93,101.7,29),(3377,16,17,83,93.2,40),(3378,16,17,82.6,51.9,-54),(3379,16,17,91.9,0,0),(3380,16,17,92.7,94.7,47),(3381,16,17,93,80.2,14),(3382,16,17,79.4,0,0),(3383,16,17,79,0,0),(3384,16,17,92.3,92.9,8),(3385,16,17,91.2,0,0),(3386,16,17,86.6,79.3,24),(3387,16,17,88.2,114,25),(3388,16,17,71.8,0,0),(3389,16,17,94.3,0,0),(3390,16,17,94.6,0,0),(3391,16,17,89.4,0,0),(3392,16,17,78.3,86.9,17),(3393,16,17,94.2,0,0),(3394,16,17,68.5,0,0),(3395,16,17,79.4,100.5,49),(3396,16,17,88.1,86.4,29),(3397,16,17,90.9,85.5,43),(3398,16,17,86.1,94.8,-21),(3399,16,17,90,0,0),(3400,16,17,93.9,0,0),(3401,16,17,95.2,0,0),(3402,16,17,79.3,90.4,-31),(3403,16,17,88.1,0,0),(3404,16,17,86,0,0),(3405,16,17,93.3,0,0),(3406,16,17,94,111.2,6),(3407,16,17,89.1,114,16),(3408,16,17,81.3,0,0),(3409,16,17,88.8,0,0),(3410,16,17,88.4,0,0),(3411,16,17,81.8,103.6,25),(3412,16,17,82,0,0),(3413,16,17,81.7,99.9,22),(3414,16,17,83.9,0,0),(3415,16,17,91.1,0,0),(3416,16,17,82.9,105.7,26),(3417,16,17,86.1,77.4,-8),(3418,16,17,77.8,79.1,76),(3419,16,17,77.7,0,0),(3420,16,17,77.8,0,0),(3421,16,17,78.4,0,0),(3422,16,17,86.6,0,0),(3423,16,17,83.3,0,0),(3424,16,17,97.6,0,0),(3425,16,17,89.1,0,0),(3426,16,17,96.8,0,0),(3427,16,17,96.1,77.5,25),(3428,16,17,80.5,0,0),(3429,16,17,90.4,96.5,-28),(3430,16,17,95,0,0),(3431,16,17,90.8,0,0),(3432,16,17,89.7,0,0),(3433,16,17,88.1,54.2,-58),(3434,16,17,77.6,0,0),(3435,16,17,82.6,0,0),(3436,16,17,82.2,0,0),(3437,16,17,85.3,82.7,55),(3438,16,17,87.4,0,0),(3439,16,17,81.7,0,0),(3440,16,17,85.2,0,0),(3441,16,17,81.4,0,0),(3442,16,17,83.2,0,0),(3443,16,17,90.9,79.5,77),(3444,16,17,83.4,0,0),(3445,16,17,89.6,0,0),(3446,16,17,88.6,0,0),(3447,16,17,87.6,0,0),(3448,16,17,78.6,0,0),(3449,16,17,81.7,98.7,43),(3450,16,17,80,0,0),(3451,16,17,84,66.5,-13),(3452,16,17,83.5,0,0),(3453,16,17,76.3,0,0),(3454,16,17,83.1,0,0),(3455,16,17,77,81.8,80),(3456,16,17,77.4,0,0),(3457,16,17,78.1,0,0),(3458,16,17,77,0,0),(3459,16,17,44.7,104.2,24),(3460,16,17,78.7,104.6,16),(3461,16,17,47.7,0,0),(3462,16,17,90.1,0,0),(3463,16,17,79.1,0,0),(3464,16,17,74.2,0,0),(3465,16,17,92.8,60.2,60),(3466,16,17,92.6,0,0),(3467,16,17,91.7,0,0),(3468,16,17,91.8,95.1,-41),(3469,16,17,91.5,78.5,-10),(3470,16,17,81.8,0,0),(3471,16,17,91.6,0,0),(3472,16,17,75.3,63.4,-27),(3473,16,17,82.4,0,0),(3474,16,17,85.9,82.4,-7),(3475,16,17,92.8,82,-14),(3476,16,17,86.5,0,0),(3477,16,17,93.2,48.7,36),(3478,16,17,81.6,99.1,9),(3479,16,17,88.3,0,0),(3480,16,17,88.9,72.1,58),(3481,16,17,83.8,0,0),(3482,16,17,92.1,0,0),(3483,16,17,84.1,71.3,-20),(3484,16,17,89.8,59.9,-50),(3485,16,17,93.2,0,0),(3486,16,17,93.9,99.3,-14),(3487,16,17,78.8,0,0),(3488,16,17,84,74.8,64),(3489,16,17,90.1,62.4,-31),(3490,16,17,91,98.3,-9),(3491,16,17,79.3,0,0),(3492,16,17,94.8,67.7,59),(3493,16,17,86.7,0,0),(3494,16,17,87.2,0,0),(3495,16,17,92.4,72.9,21),(3496,16,17,95.8,107.2,-6),(3497,16,17,96,0,0),(3712,17,5,85.5,0,0),(3713,17,5,92.6,0,0),(3714,17,5,87.4,0,0),(3715,17,5,85.6,0,0),(3716,17,5,87.9,60.3,-55),(3717,17,5,75.5,82.8,-13),(3718,17,5,94.4,0,0),(3719,17,5,97,0,0),(3720,17,5,77,0,0),(3721,17,5,88,0,0),(3722,17,5,87.5,0,0),(3723,17,5,85.4,0,0),(3724,17,5,93.1,0,0),(3725,17,5,73.6,0,0),(3726,17,5,73.9,0,0),(3727,17,5,85.7,94.7,4),(3728,17,5,75.3,0,0),(3729,17,5,88.2,0,0),(3730,17,5,96.8,0,0),(3731,17,5,96.1,70.7,-13),(3732,17,5,93,55.1,28),(3733,17,5,76.9,0,0),(3734,17,5,77.3,0,0),(3735,17,5,93.2,64.5,42),(3736,17,5,73.8,0,0),(3737,17,5,88.8,70.2,-36),(3738,17,5,83.5,98.4,15),(3739,17,5,83.5,0,0),(3740,17,5,89.9,100.9,33),(3741,17,5,95.1,0,0),(3742,17,5,95.5,0,0),(3743,17,5,88.4,0,0),(3744,17,5,91.6,0,0),(3745,17,5,86.9,72.5,14),(3746,17,5,89.4,0,0),(3747,17,5,95.1,83.3,-24),(3748,17,5,86.5,20.9,-49),(3749,17,5,77.5,0,0),(3750,17,5,97.2,77.1,-15),(3751,17,5,93.8,0,0),(3752,17,5,94.9,0,0),(3753,17,5,95.4,0,0),(3754,17,5,94.8,64.3,-10),(3755,17,5,89.6,0,0),(3756,17,5,87,0,0),(3757,17,5,95.5,93.9,-5),(3758,17,5,96,65.8,37),(3759,17,5,93.8,82.3,-30),(3760,17,5,90.4,81.5,28),(3761,17,5,94.5,101.2,21),(3762,17,5,75.4,0,0),(3763,17,5,87.8,0,0),(3764,17,5,88.7,0,0),(3765,17,5,88.6,0,0),(3766,17,5,97.1,77,24),(3767,17,5,96.4,71.5,27),(3768,17,5,78.4,78,-21),(3769,17,5,86.7,0,0),(3770,17,5,84.7,0,0),(3771,17,5,86.8,0,0),(3772,17,5,89.3,95.3,35),(3773,17,5,74.6,0,0),(3774,17,5,93.7,62.6,-3),(3775,17,5,94.1,80.9,-6),(3776,17,5,71.2,0,0),(3777,17,5,72.5,0,0),(3778,17,5,74.1,0,0),(3779,17,5,84.6,0,0),(3780,17,5,94.7,87.9,2),(3781,17,5,86.1,85.3,29),(3782,17,5,76.2,0,0),(3783,17,5,94.8,0,0),(3784,17,5,88.3,0,0),(3785,17,5,96.3,0,0),(3786,17,5,96.1,0,0),(3787,17,5,89.9,0,0),(3788,17,5,96.4,0,0),(3789,17,5,87.8,64.3,-4),(3790,17,5,92.5,97.6,16),(3791,17,5,93.9,0,0),(3792,17,5,75.3,95.1,15),(3793,17,5,85.7,0,0),(3794,17,5,73.9,67.2,23),(3795,17,5,85.3,0,0),(3796,17,5,92.9,91.9,2),(3797,17,5,72.3,0,0),(3798,17,5,93,0,0),(3799,17,5,90.1,0,0),(3800,17,5,94.3,96.4,-45),(3801,17,5,95.3,0,0),(3802,17,5,75.7,0,0),(3803,17,5,96.9,0,0),(3804,17,5,95.4,101.4,-10),(3805,17,5,94.3,76.7,24),(3806,17,5,94.1,0,0),(3807,17,5,82.5,0,0),(3808,17,5,94.2,0,0),(3809,17,5,73.7,0,0),(3810,17,5,94.2,37.9,-53),(3811,17,5,96.6,0,0),(3812,17,5,85.2,69.6,49),(3813,17,5,82.6,0,0),(3814,17,5,93.1,71.6,70),(3815,17,5,74.7,0,0),(3816,17,5,78.1,0,0),(3817,17,5,94.2,66.5,-79),(3818,17,5,83.6,0,0),(3819,17,5,85.9,0,0),(3820,17,5,96,0,0),(3821,17,5,84.3,0,0),(3822,17,5,82.3,0,0),(3823,17,5,73.4,0,0),(3824,17,5,95.2,101.1,12),(3825,17,5,87.5,54.7,38),(3826,17,5,95.3,68,31),(3827,17,5,94.6,76.1,8),(3828,17,5,93.5,0,0),(3829,17,5,95.4,85,-11),(3830,17,5,90.2,75.8,1),(3831,17,5,96.5,90.3,-5),(3832,17,5,78.2,0,0),(3833,17,5,94.7,0,0),(3834,17,5,90.4,90.3,7),(3835,17,5,92.9,0,0),(3836,17,5,87.7,0,0),(3837,17,5,91.8,0,0),(3838,17,5,81.3,0,0),(3839,17,5,93.7,89,-16),(3840,17,5,80.7,95.2,2),(3841,17,5,87.1,0,0),(3842,17,5,87.9,0,0),(3843,17,5,79.5,92.6,-4),(3844,17,5,86.1,0,0),(3845,17,5,84.5,68.5,45),(3846,17,5,83.1,0,0),(3847,17,5,94.5,102.8,6),(3848,17,5,75.2,96.8,-14),(3849,17,5,76.8,0,0),(3850,17,5,78.2,83.3,0),(3851,17,5,94.7,83.4,-34),(3852,17,5,96.7,0,0),(3853,17,5,94.6,107.8,15),(3854,17,5,95,86.5,-3),(3855,17,5,83.1,95.8,-1),(3856,17,5,92.3,0,0),(3857,17,5,84.1,69.7,32),(3858,17,5,93.4,0,0),(3859,17,5,95.9,99,-12),(3860,17,5,74.2,71.1,-54),(3861,17,5,80.6,0,0),(3862,17,5,93.5,89.6,20),(3863,17,5,85.9,81.3,0),(3864,17,5,87.3,0,0),(3865,17,5,96.1,54,0),(3866,17,5,91.2,76.3,26),(3867,17,5,91.3,0,0),(3868,17,5,92.9,99.9,33),(3869,17,5,94.3,67.6,73),(3870,17,5,94.1,86.2,49),(3871,17,5,74.5,91.7,28),(3872,17,5,75.2,0,0),(3873,17,5,83.7,0,0),(3874,17,5,92.2,0,0),(3875,17,5,82.2,0,0),(3876,17,5,72.1,0,0),(3877,17,5,86.3,60.2,-29),(3878,17,5,74.5,74.3,-25),(3879,17,5,95.5,54.1,34),(3880,17,5,74,0,0),(3881,17,5,95.1,93,-20),(3882,17,5,76.3,0,0),(3883,17,5,72.6,0,0),(3884,17,5,92.7,103.6,-9),(3885,17,5,81.2,0,0),(3886,17,5,74.3,89.5,7),(3887,17,5,73.7,97.7,16),(3888,17,5,74.9,0,0),(3889,17,5,94.3,104.2,10),(3890,17,5,95,0,0),(3891,17,5,90.6,0,0),(3892,17,5,77.2,0,0),(3893,17,5,95.9,0,0),(3894,17,5,95.2,86,16),(3895,17,5,96.2,67.1,21),(3896,17,5,95.6,65.2,27),(3897,17,5,74.5,0,0),(3898,17,5,74.3,0,0),(3899,17,5,97,89.2,39),(3900,17,5,96,64.6,8),(3901,17,5,89.4,100.8,19),(3902,17,5,95.8,69.1,65),(3903,17,5,97.2,0,0),(3904,17,5,90,98.2,8),(3905,17,5,77.4,0,0),(3906,17,5,97.1,0,0),(3907,17,5,90.2,0,0),(3908,17,5,96.5,80.7,36),(3909,17,5,95.6,55.3,-42),(3910,17,5,95.6,0,0),(3911,17,5,78.8,0,0),(3912,17,5,98,64.2,46),(3913,17,5,89,0,0),(3914,17,5,76.4,0,0),(3915,17,5,97.5,0,0),(3916,17,5,97.7,0,0),(3917,17,5,95.8,0,0),(3918,17,1,86.4,64,-39),(3919,17,1,78.2,0,0),(3920,17,1,90.5,0,0),(3921,17,1,87.5,101.8,0),(3922,17,1,87.1,0,0),(3923,17,1,87.2,106.8,20),(3924,17,1,90.1,0,0),(3925,17,1,76.8,0,0),(3926,17,1,84.8,74.1,77),(3927,17,1,90.5,74.9,63),(3928,17,1,78.8,0,0),(3929,17,1,91,0,0),(3930,17,1,86.6,0,0),(3931,17,1,86.1,0,0),(3932,17,1,86.2,0,0),(3933,17,1,89.6,0,0),(3934,17,1,89.9,0,0),(3935,17,1,87.7,98.1,21),(3936,17,1,88.9,73.9,63),(3937,17,1,79.3,0,0),(3938,17,1,87,0,0),(3939,17,1,77.8,0,0),(3940,17,1,87.2,73.1,65),(3941,17,1,90.6,70.5,72),(3942,17,1,88.7,0,0),(3943,17,1,89.5,0,0),(3944,17,1,87,87.5,35),(3945,17,1,86.6,79.5,48),(3946,17,1,87.9,75.9,-8),(3947,17,1,88,62.6,26),(3948,17,1,87.5,0,0),(3949,17,1,88.3,0,0),(3950,17,1,88.8,0,0),(3951,17,1,86.9,0,0),(3952,17,1,87.9,0,0),(3953,17,1,83.4,0,0),(3954,17,1,72.8,0,0),(3955,17,1,86.8,0,0),(3956,17,1,87.1,114.6,29),(3957,17,1,89.7,0,0),(3958,17,1,87.7,0,0),(3959,17,1,87.3,0,0),(3960,17,1,87,80,65),(3961,17,1,91.9,0,0),(3962,17,1,85.3,0,0),(3963,17,1,77.6,29.3,-53),(3964,17,1,86.3,66.8,34),(3965,17,1,90.6,0,0),(3966,17,1,87.6,0,0),(3967,17,1,87.1,47,-80),(3968,17,1,77.1,0,0),(3969,17,1,87.8,0,0),(3970,17,1,90.6,72.9,68),(3971,17,1,87.5,68.5,40),(3972,17,1,75.5,0,0),(3973,17,1,87.9,65.2,39),(3974,17,1,76.6,0,0),(3975,17,1,87.1,96,30),(3976,17,1,88.3,62.4,-27),(3977,17,1,88.4,0,0),(3978,17,1,88.6,0,0),(3979,17,1,85,0,0),(3980,17,1,91.7,0,0),(3981,17,1,87.6,87.1,-32),(3982,17,1,90.7,0,0),(3983,17,1,89.1,106.8,6),(3984,17,1,88.1,0,0),(3985,17,1,90.7,88.7,23),(3986,17,1,87.7,55.5,-7),(3987,17,1,90.2,0,0),(3988,17,1,78.9,0,0),(3989,17,1,87.4,0,0),(3990,17,1,87.9,98.6,20),(3991,17,1,89.2,0,0),(3992,17,1,79.6,60.9,51),(3993,17,1,88.3,97.9,12),(3994,17,1,92.1,0,0),(3995,17,1,88.4,80.7,45),(3996,17,1,78.3,109.7,31),(3997,17,1,80.4,0,0),(3998,17,1,88.1,81.9,26),(3999,17,1,80.3,0,0),(4000,17,1,88.4,65.4,28),(4001,17,1,90.4,0,0),(4002,17,1,88,84.4,45),(4003,17,1,91.7,102.2,-19),(4004,17,1,91.2,102,-7),(4005,17,1,88.2,86,-25),(4006,17,1,88.6,101.6,24),(4007,17,1,91.6,0,0),(4008,17,1,76.7,94.8,28),(4009,17,1,91.3,72.8,35),(4010,17,1,88.5,100.4,17),(4011,17,1,88.2,59.7,36),(4012,17,1,92,84.2,30),(4013,17,1,79.1,0,0),(4014,17,1,79.2,0,0),(4015,17,1,88.7,34.4,79),(4016,17,1,85.1,0,0),(4017,17,1,91.4,0,0),(4018,17,1,88.9,0,0),(4019,17,1,79.7,0,0),(4020,17,1,91.4,97.2,41),(4021,17,1,87.5,98.4,23),(4022,17,1,88.8,43.6,-53),(4023,17,1,88.4,83.5,75),(4024,17,1,89.8,0,0),(4025,17,1,91.2,0,0),(4026,17,1,87.9,92.7,5),(4027,17,1,89.4,109,13),(4028,17,1,91.8,0,0),(4029,17,1,88.6,90.4,64),(4030,17,1,81,0,0),(4031,17,1,89,0,0),(4032,17,1,91.3,0,0),(4033,17,1,80.2,0,0),(4034,17,1,88.2,100.2,18),(4035,17,1,91.8,93.4,-9),(4036,17,1,88.5,0,0),(4037,17,1,84.5,0,0),(4038,17,1,86.8,71.4,23),(4039,17,1,90.9,75.9,38),(4040,17,1,87.2,0,0),(4041,17,1,86.3,0,0),(4042,17,1,79.6,0,0),(4043,17,1,86.8,78.8,74),(4044,17,1,90.7,72.1,60),(4045,17,1,88,0,0),(4046,17,1,88,65,63),(4047,17,1,80,0,0),(4048,17,1,90.8,0,0),(4049,17,1,84.8,0,0),(4050,17,1,91.5,0,0),(4051,17,1,84.5,82.5,-20),(4052,17,1,90.8,95.4,35),(4053,17,1,91.1,0,0),(4054,17,1,88,95.9,-21),(4055,17,1,88.3,89.2,-9),(4056,17,1,87.9,102.6,-7),(4057,17,1,91.2,72.3,74),(4058,17,1,87.9,75,26),(4059,17,1,92,0,0),(4060,17,1,89.1,0,0),(4061,17,1,89,78.7,16),(4062,17,1,92.8,0,0),(4063,17,1,92,49.5,34),(4064,17,1,80.1,60.8,20),(4065,17,1,92.4,0,0),(4066,17,1,89.2,93.6,32),(4067,17,1,85.7,0,0),(4068,17,1,92.2,0,0),(4069,17,1,84.5,80.1,3),(4070,17,1,88,81.2,42),(4071,17,1,79.8,96.5,41),(4072,17,1,92.4,69,41),(4073,17,1,81.4,0,0),(4074,17,1,93.1,0,0),(4075,17,1,92.8,84.7,40),(4076,17,1,89.4,0,0),(4077,17,1,93,0,0),(4078,17,6,94.6,0,0),(4079,17,6,85,0,0),(4080,17,6,96.2,0,0),(4081,17,6,96.9,0,0),(4082,17,6,96.4,75,49),(4083,17,6,95.4,103.4,28),(4084,17,6,89,0,0),(4085,17,6,88.3,0,0),(4086,17,6,96.5,0,0),(4087,17,6,97,88.1,37),(4088,17,6,95.6,0,0),(4089,17,6,95.4,0,0),(4090,17,6,85.5,105.4,14),(4091,17,6,96.6,0,0),(4092,17,6,94.9,96.4,-3),(4093,17,6,83.6,95.4,18),(4094,17,6,96.4,0,0),(4095,17,6,96.3,67.4,48),(4096,17,6,96.3,82.6,25),(4097,17,6,83.2,0,0),(4098,17,6,95.5,0,0),(4099,17,6,82.2,97.1,27),(4100,17,6,85.8,0,0),(4101,17,6,86.3,97.3,9),(4102,17,6,85.9,0,0),(4103,17,6,85.3,0,0),(4104,17,6,89.8,0,0),(4105,17,6,86.6,0,0),(4106,17,6,85.4,0,0),(4107,17,6,97,89.2,-7),(4108,17,6,98.2,0,0),(4109,17,6,97.5,0,0),(4110,17,6,84.4,0,0),(4111,17,6,96,0,0),(4112,17,6,89.7,0,0),(4113,17,6,83.9,0,0),(4114,17,6,85,97.4,-13),(4115,17,6,97.3,0,0),(4116,17,6,87.3,83,54),(4117,17,6,94.8,0,0),(4118,17,6,85.9,89.1,-22),(4119,17,6,88.5,69.7,-26),(4120,17,6,85.9,89.2,-10),(4121,17,6,88.7,71.4,-29),(4122,17,6,97.1,0,0),(4123,17,6,86.2,0,0),(4124,17,6,96.7,0,0),(4125,17,6,82.7,0,0),(4126,17,6,95.7,0,0),(4127,17,6,97.5,67.4,62),(4128,17,6,85.7,0,0),(4129,17,6,84.6,0,0),(4130,17,6,84.3,0,0),(4131,17,6,85.2,0,0),(4132,17,6,97.1,103.7,23),(4133,17,6,97,75.9,21),(4134,17,6,84.5,96.8,39),(4135,17,6,95.1,0,0),(4136,17,6,87.7,52.9,-67),(4137,17,6,95.1,73.9,56),(4138,17,6,94.1,0,0),(4139,17,6,83.1,105.6,29),(4140,17,6,84.1,0,0),(4141,17,6,84.8,0,0),(4142,17,6,95.9,102.9,27),(4143,17,6,88.1,0,0),(4144,17,6,95.9,0,0),(4145,17,6,95.2,75.5,57),(4146,17,6,95.8,78.1,60),(4147,17,6,96,69.6,-79),(4148,17,6,85.6,50.3,-40),(4149,17,6,94.9,84.7,61),(4150,17,6,94.9,0,0),(4151,17,6,84.7,0,0),(4152,17,6,88.9,0,0),(4153,17,6,96.9,81.1,66),(4154,17,6,96.1,80.7,52),(4155,17,6,85.5,0,0),(4156,17,6,85.1,110.5,3),(4157,17,6,96.5,81.8,9),(4158,17,6,84.9,103.9,0),(4159,17,6,95.8,84.9,-21),(4160,17,6,86.3,74.6,10),(4161,17,6,88.7,0,0),(4162,17,6,96.7,111.7,12),(4163,17,6,95.3,52.6,-39),(4164,17,6,96.1,0,0),(4165,17,6,95.2,0,0),(4166,17,6,95,0,0),(4167,17,6,96.1,98.7,-8),(4168,17,6,87,0,0),(4169,17,6,95.7,73.2,-15),(4170,17,6,95.8,84.5,62),(4171,17,6,96.3,0,0),(4172,17,6,83.8,0,0),(4173,17,6,89.3,0,0),(4174,17,6,85.1,66.6,-25),(4175,17,6,97.2,0,0),(4176,17,6,97.8,97.3,-4),(4177,17,6,98,62.4,-53),(4178,17,6,87.4,0,0),(4179,17,6,98,86.6,48),(4180,17,6,98,0,0),(4181,17,6,97.8,0,0),(4182,17,6,88.8,0,0),(4183,17,6,86,0,0),(4184,17,6,98.4,88.9,84),(4185,17,6,97.7,0,0),(4186,17,6,95.9,65.7,34),(4187,17,2,94.1,90.3,35),(4188,17,2,94,0,0),(4189,17,2,82,0,0),(4190,17,2,86.5,91.4,47),(4191,17,2,94.4,0,0),(4192,17,2,84.5,0,0),(4193,17,2,93.1,0,0),(4194,17,2,90.6,72.8,-16),(4195,17,2,89.8,0,0),(4196,17,2,92.6,33.6,-9),(4197,17,2,80.9,0,0),(4198,17,2,79.8,0,0),(4199,17,2,82.3,0,0),(4200,17,2,82.6,0,0),(4201,17,2,91,68.3,36),(4202,17,2,96.2,81.3,72),(4203,17,2,95.5,0,0),(4204,17,2,94.9,0,0),(4205,17,2,94.5,78.3,68),(4206,17,2,94.6,0,0),(4207,17,2,86.2,79.5,57),(4208,17,2,93.9,71.7,25),(4209,17,2,86.7,0,0),(4210,17,2,93.8,0,0),(4211,17,2,93.3,72.6,46),(4212,17,2,82.8,0,0),(4213,17,2,87.1,88.8,-14),(4214,17,2,95.8,78.3,13),(4215,17,2,87,0,0),(4216,17,2,88.8,0,0),(4217,17,2,95.4,0,0),(4218,17,2,95.3,0,0),(4219,17,2,94.9,73.1,78),(4220,17,2,95.2,0,0),(4221,17,2,93,0,0),(4222,17,2,94.1,0,0),(4223,17,2,94.8,0,0),(4224,17,2,94.9,81.5,-31),(4225,17,2,86.4,0,0),(4226,17,2,87.5,0,0),(4227,17,2,88.6,0,0),(4228,17,2,81.6,0,0),(4229,17,2,94.2,88.2,-34),(4230,17,2,93.5,0,0),(4231,17,2,94.1,96.8,-2),(4232,17,2,92.9,97.5,-2),(4233,17,2,93.4,73.1,52),(4234,17,2,92.4,0,0),(4235,17,2,82.1,0,0),(4236,17,2,88.3,0,0),(4237,17,2,82.4,0,0),(4238,17,2,82.5,0,0),(4239,17,2,95.1,0,0),(4240,17,2,95,0,0),(4241,17,2,93.9,0,0),(4242,17,2,92.9,0,0),(4243,17,2,96,0,0),(4244,17,2,95.3,68.8,58),(4245,17,2,88.7,0,0),(4246,17,2,89.6,0,0),(4247,17,2,94.8,87,36),(4248,17,2,94.2,0,0),(4249,17,2,94.7,79.7,59),(4250,17,2,90.6,0,0),(4251,17,2,82.4,93.3,40),(4252,17,2,90,0,0),(4253,17,2,94.2,82.3,45),(4254,17,2,81.6,95.8,-26),(4255,17,2,93.8,83.9,-6),(4256,17,2,86.2,67.8,49),(4257,17,2,92.6,72.8,40),(4258,17,2,79.2,0,0),(4259,17,2,92.6,72.7,70),(4260,17,2,79.9,53.2,49),(4261,17,2,83.5,91.4,18),(4262,17,2,90.9,0,0),(4263,17,2,81.7,0,0),(4264,17,2,77.7,0,0),(4265,17,2,92.7,90,38),(4266,17,2,90.3,74.4,51),(4267,17,2,92.9,50.7,27),(4268,17,2,92.8,0,0),(4269,17,2,83.6,30.8,-43),(4270,17,2,84.9,0,0),(4271,17,2,92.5,0,0),(4272,17,2,85.9,103.3,11),(4273,17,2,89.3,86.3,-8),(4274,17,2,87.3,0,0),(4275,17,2,93.2,0,0),(4276,17,2,79.1,65.3,-27),(4277,17,2,89.8,76.1,47),(4278,17,2,92.3,0,0),(4279,17,2,91.9,0,0),(4280,17,2,85.6,63.3,72),(4281,17,2,85.1,0,0),(4282,17,2,81.9,0,0),(4283,17,2,94.8,101.3,4),(4284,17,2,86.1,0,0),(4285,17,2,85.5,0,0),(4286,17,2,94.3,68,-32),(4287,17,2,87.4,0,0),(4288,17,2,95.8,0,0),(4289,17,2,93.4,95.1,18),(4290,17,2,89.1,0,0),(4291,17,2,80.4,0,0),(4292,17,2,84.9,84.3,22),(4293,17,2,83.9,50.9,-57),(4294,17,2,94.8,100.8,35),(4295,17,2,86.9,0,0),(4296,17,2,93.5,64.9,34),(4297,17,2,93.1,55.1,50),(4298,17,2,89.9,0,0),(4299,17,2,95,74.4,33),(4300,17,2,94.2,69.6,41),(4301,17,2,86.3,0,0),(4302,17,2,93.6,0,0),(4303,17,2,93,94.1,25),(4304,17,10,81,97.8,54),(4305,17,10,83.6,0,0),(4306,17,10,94,0,0),(4307,17,10,81.4,0,0),(4308,17,10,92.9,87.4,-23),(4309,17,10,81.3,0,0),(4310,17,10,94.4,0,0),(4311,17,10,93.2,86.1,-16),(4312,17,10,80.9,0,0),(4313,17,10,81.2,0,0),(4314,17,10,93.2,0,0),(4315,17,10,90.6,0,0),(4316,17,10,82.3,0,0),(4317,17,10,83.2,0,0),(4318,17,10,83.3,0,0),(4319,17,10,82.9,0,0),(4320,17,10,80.5,0,0),(4321,17,10,91.9,88.3,-3),(4322,17,10,83,0,0),(4323,17,10,92.5,0,0),(4324,17,10,89.5,0,0),(4325,17,10,83.4,84.7,42),(4326,17,10,92.1,0,0),(4327,17,10,81.1,0,0),(4328,17,10,78.8,83.4,16),(4329,17,10,92.4,0,0),(4330,17,10,91.8,91.1,38),(4331,17,10,81.6,0,0),(4332,17,10,94.6,96.9,7),(4333,17,10,93.1,0,0),(4334,17,10,93.1,57.4,22),(4335,17,10,93.2,44,-24),(4336,17,10,84.4,0,0),(4337,17,10,93.1,64.4,-25),(4338,17,10,79.7,64.3,-28),(4339,17,10,95.1,0,0),(4340,17,10,93.2,92,12),(4341,17,10,93.6,51.1,-37),(4342,17,10,78.9,0,0),(4343,17,10,84.5,95.6,11),(4344,17,10,84,0,0),(4345,17,10,83.8,0,0),(4346,17,10,83.7,0,0),(4347,17,10,85.9,66.6,46),(4348,17,10,92.3,0,0),(4349,17,10,92.8,93.1,-24),(4350,17,10,83.5,0,0),(4351,17,10,93.7,90.7,50),(4352,17,10,85.4,0,0),(4353,17,10,84.2,98.2,-18),(4354,17,10,76.9,0,0),(4355,17,10,93.2,88,-51),(4356,17,10,94.3,0,0),(4357,17,10,96.7,0,0),(4358,17,10,80.8,78,48),(4359,17,10,80,0,0),(4360,17,10,92.3,105.8,-6),(4361,17,10,92.9,0,0),(4362,17,10,84.1,0,0),(4363,17,10,92.9,111.3,-2),(4364,17,10,82.6,0,0),(4365,17,10,91.5,50.5,-28),(4366,17,10,91.3,0,0),(4367,17,10,94.5,70.8,24),(4368,17,10,84.3,52.2,0),(4369,17,10,81.6,67.1,-52),(4370,17,10,93.8,0,0),(4371,17,10,85,0,0),(4372,17,10,81,0,0),(4373,17,10,94.2,80.7,-4),(4374,17,10,93.4,86.8,-22),(4375,17,10,93.4,0,0),(4376,17,10,93.9,0,0),(4377,17,10,82.4,60.1,20),(4378,17,10,90.9,0,0),(4379,17,10,82.2,0,0),(4380,17,10,91.1,102.7,36),(4381,17,10,90.5,0,0),(4382,17,10,89.7,0,0),(4383,17,10,90.6,99.6,5),(4384,17,10,90.7,82.4,40),(4385,17,10,91.1,100.2,12),(4386,17,10,90.3,108,3),(4387,17,10,90.3,109.7,10),(4388,17,10,92,0,0),(4389,17,10,81.7,0,0),(4390,17,10,81.5,0,0),(4391,17,10,79.2,51.2,-31),(4392,17,10,94,100.9,-1),(4393,17,10,82.8,0,0),(4394,17,14,96.5,99.2,-3),(4395,17,14,95.7,75.3,18),(4396,17,14,95.2,0,0),(4397,17,14,95.7,0,0),(4398,17,14,96.4,0,0),(4399,17,14,87.7,0,0),(4400,17,14,97,76.1,44),(4401,17,14,96.7,0,0),(4402,17,14,96.8,0,0),(4403,17,14,86.8,0,0),(4404,17,14,96.3,0,0),(4405,17,14,96.1,0,0),(4406,17,14,95.7,89.1,-13),(4407,17,14,97.2,0,0),(4408,17,14,97.5,0,0),(4409,17,14,96.5,0,0),(4410,17,14,97.7,0,0),(4411,17,14,84.3,79.9,63),(4412,17,14,84.2,0,0),(4413,17,14,95.8,0,0),(4414,17,14,86.3,85.3,-36),(4415,17,14,85.1,0,0),(4416,17,14,86.6,88.7,-24),(4417,17,14,96.6,80.4,41),(4418,17,14,85.7,84.9,17),(4419,17,14,86.2,0,0),(4420,17,14,85.9,103.4,6),(4421,17,14,95.1,0,0),(4422,17,14,85.6,0,0),(4423,17,14,97,79.6,53),(4424,17,14,86.3,0,0),(4425,17,14,84.8,0,0),(4426,17,14,85.9,0,0),(4427,17,14,85.3,89.8,-13),(4428,17,14,95.4,0,0),(4429,17,14,85.9,96.6,6),(4430,17,14,86,0,0),(4431,17,14,95.5,102.7,15),(4432,17,14,95,0,0),(4433,17,14,85.8,98.2,-2),(4434,17,14,85.3,0,0),(4435,17,14,89,0,0),(4436,17,14,95.1,105.9,19),(4437,17,14,85.2,0,0),(4438,17,14,95.7,78.7,14),(4439,17,14,85.5,0,0),(4440,17,14,86.1,70.4,-46),(4441,17,14,96.2,78.2,49),(4442,17,14,97,77,22),(4443,17,14,85.2,81.9,12),(4444,17,14,85.7,0,0),(4445,17,14,96.3,80.7,8),(4446,17,14,96.2,0,0),(4447,17,14,86.1,29.5,-59),(4448,17,14,85,0,0),(4449,17,14,97.4,109.3,14),(4450,17,14,86.1,0,0),(4451,17,14,86.6,0,0),(4452,17,14,96,0,0),(4453,17,14,86.9,0,0),(4454,17,14,87.1,0,0),(4455,17,9,73.7,0,0),(4456,17,9,89.6,73.4,54),(4457,17,9,89.3,71.1,39),(4458,17,9,73.3,78.2,-27),(4459,17,9,83.6,0,0),(4460,17,9,82.8,84.7,-6),(4461,17,9,82.9,0,0),(4462,17,9,72.9,0,0),(4463,17,9,88.2,89.3,30),(4464,17,9,71.4,0,0),(4465,17,9,86.5,102.3,36),(4466,17,9,82.8,96.4,-11),(4467,17,9,89.9,0,0),(4468,17,9,80.9,0,0),(4469,17,9,89.6,0,0),(4470,17,9,73.3,0,0),(4471,17,9,88.8,77.1,60),(4472,17,9,83.2,0,0),(4473,17,9,88.3,0,0),(4474,17,9,72.4,0,0),(4475,17,9,82,96.1,6),(4476,17,9,89.7,88,43),(4477,17,9,88.8,0,0),(4478,17,9,82.6,0,0),(4479,17,9,72.5,106.5,16),(4480,17,9,88.9,0,0),(4481,17,9,71.9,88.6,9),(4482,17,9,83.4,95.2,12),(4483,17,9,88.6,0,0),(4484,17,9,82.3,0,0),(4485,17,9,70.9,0,0);
/*!40000 ALTER TABLE `advancedstats` ENABLE KEYS */;
UNLOCK TABLES;

--
-- Table structure for table `hitterstats`
--

DROP TABLE IF EXISTS `hitterstats`;
/*!40101 SET @saved_cs_client     = @@character_set_client */;
/*!50503 SET character_set_client = utf8mb4 */;
CREATE TABLE `hitterstats` (
  `player_id` int NOT NULL,
  `games` int DEFAULT '0',
  `ba` float DEFAULT '0',
  `pa` int DEFAULT '0',
  `slg` float DEFAULT '0',
  `obp` float DEFAULT '0',
  `hits` int DEFAULT '0',
  `singles` int DEFAULT '0',
  `doubles` int DEFAULT '0',
  `triples` int DEFAULT '0',
  `hr` int DEFAULT '0',
  `so` int DEFAULT '0',
  `bb` int DEFAULT '0',
  `hbp` int DEFAULT '0',
  PRIMARY KEY (`player_id`),
  CONSTRAINT `stat_fk_hitter` FOREIGN KEY (`player_id`) REFERENCES `player` (`player_id`)
) ENGINE=InnoDB DEFAULT CHARSET=utf8mb4 COLLATE=utf8mb4_0900_ai_ci;
/*!40101 SET character_set_client = @saved_cs_client */;

--
-- Dumping data for table `hitterstats`
--

LOCK TABLES `hitterstats` WRITE;
/*!40000 ALTER TABLE `hitterstats` DISABLE KEYS */;
INSERT INTO `hitterstats` VALUES (3,16,0.167,67,0.25,0.239,10,0,5,0,0,18,4,2),(4,15,0.341,51,0.477,0.431,15,0,3,0,1,12,6,1),(7,12,0.158,22,0.368,0.273,3,0,1,0,1,7,3,0),(8,16,0.186,64,0.254,0.25,11,0,4,0,0,22,4,1),(11,16,0.213,71,0.393,0.314,13,0,3,1,2,17,6,3),(12,16,0.237,66,0.339,0.288,14,0,3,0,1,16,5,0),(15,16,0.208,61,0.34,0.311,11,0,4,0,1,11,8,0),(16,17,0.242,71,0.515,0.282,16,0,7,1,3,22,2,2);
/*!40000 ALTER TABLE `hitterstats` ENABLE KEYS */;
UNLOCK TABLES;

--
-- Table structure for table `league`
--

DROP TABLE IF EXISTS `league`;
/*!40101 SET @saved_cs_client     = @@character_set_client */;
/*!50503 SET character_set_client = utf8mb4 */;
CREATE TABLE `league` (
  `league_id` int NOT NULL AUTO_INCREMENT,
  `name` varchar(50) NOT NULL,
  `founded` int NOT NULL,
  PRIMARY KEY (`league_id`)
) ENGINE=InnoDB AUTO_INCREMENT=3 DEFAULT CHARSET=utf8mb4 COLLATE=utf8mb4_0900_ai_ci;
/*!40101 SET character_set_client = @saved_cs_client */;

--
-- Dumping data for table `league`
--

LOCK TABLES `league` WRITE;
/*!40000 ALTER TABLE `league` DISABLE KEYS */;
INSERT INTO `league` VALUES (1,'AL',1901),(2,'NL',1876);
/*!40000 ALTER TABLE `league` ENABLE KEYS */;
UNLOCK TABLES;

--
-- Table structure for table `pitcherstats`
--

DROP TABLE IF EXISTS `pitcherstats`;
/*!40101 SET @saved_cs_client     = @@character_set_client */;
/*!50503 SET character_set_client = utf8mb4 */;
CREATE TABLE `pitcherstats` (
  `player_id` int NOT NULL,
  `games` int DEFAULT '0',
  `wins` int DEFAULT '0',
  `losses` int DEFAULT '0',
  `era` float DEFAULT '0',
  `whip` float DEFAULT '0',
  `hits` int DEFAULT '0',
  `runs` int DEFAULT '0',
  `innings` float DEFAULT '0',
  `so` int DEFAULT '0',
  `bb` int DEFAULT '0',
  PRIMARY KEY (`player_id`),
  CONSTRAINT `stat_fk_pitcher` FOREIGN KEY (`player_id`) REFERENCES `player` (`player_id`)
) ENGINE=InnoDB DEFAULT CHARSET=utf8mb4 COLLATE=utf8mb4_0900_ai_ci;
/*!40101 SET character_set_client = @saved_cs_client */;

--
-- Dumping data for table `pitcherstats`
--

LOCK TABLES `pitcherstats` WRITE;
/*!40000 ALTER TABLE `pitcherstats` DISABLE KEYS */;
INSERT INTO `pitcherstats` VALUES (1,4,0,1,1,1.222,12,2,18,13,10),(2,2,0,0,1,0.667,4,1,9,9,2),(5,3,1,2,3.5,1,17,7,18,17,1),(6,2,0,2,13.5,2.55,11,10,6.2,8,6),(9,1,0,0,0,1.5,3,0,2,3,0),(10,8,0,1,2.89,0.75,6,3,9.1,7,1),(13,4,2,2,3.28,0.811,16,9,24.2,25,4),(14,4,0,0,1.69,1.313,5,1,5.1,6,2);
/*!40000 ALTER TABLE `pitcherstats` ENABLE KEYS */;
UNLOCK TABLES;

--
-- Table structure for table `player`
--

DROP TABLE IF EXISTS `player`;
/*!40101 SET @saved_cs_client     = @@character_set_client */;
/*!50503 SET character_set_client = utf8mb4 */;
CREATE TABLE `player` (
  `player_id` int NOT NULL AUTO_INCREMENT,
  `name` varchar(100) NOT NULL,
  `position` int NOT NULL,
  `team` int NOT NULL,
  `height` int NOT NULL,
  `weight` int NOT NULL,
  `school` varchar(100) DEFAULT NULL,
  `country` varchar(50) DEFAULT NULL,
  PRIMARY KEY (`player_id`),
  KEY `player_fk_team` (`team`),
  CONSTRAINT `player_fk_team` FOREIGN KEY (`team`) REFERENCES `team` (`team_id`) ON DELETE RESTRICT ON UPDATE RESTRICT
) ENGINE=InnoDB AUTO_INCREMENT=40 DEFAULT CHARSET=utf8mb4 COLLATE=utf8mb4_0900_ai_ci;
/*!40101 SET character_set_client = @saved_cs_client */;

--
-- Dumping data for table `player`
--

LOCK TABLES `player` WRITE;
/*!40000 ALTER TABLE `player` DISABLE KEYS */;
INSERT INTO `player` VALUES (1,'Madison Bumgarner',1,1,193,116,'South Caldwell HS','USA'),(2,'Zac Gallen',1,1,188,85,'University of North Carolina at Chapel Hill','USA'),(3,'Seth Beer',0,1,190,96,'Clemson','USA'),(4,'Ketel Marte',0,1,185,95,'','Dominican Republic'),(5,'Max Fried',1,2,193,86,'Harvard-Westlake HS','USA'),(6,'Huascar Ynoa',1,2,188,99,'','Dominican Republic'),(7,'Guillermo Heredia',0,2,178,88,'','Cuba'),(8,'Adam Duvall',0,2,185,97,'Louisville','USA'),(9,'Alexander Wells',1,3,185,88,'','Australia'),(10,'Dillon Tate',1,3,188,88,'UCSB','USA'),(11,'Cedric Mullins',0,3,173,79,'Campbell','USA'),(12,'Trey Mancini',0,3,190,104,'Notre Dame','USA'),(13,'Frankie Montas',1,4,188,115,'Colegio Creciendo','Dominican Republic'),(14,'AJ Puk',1,4,201,112,'Florida','USA'),(15,'Elvis Andrus',0,4,183,95,'','Venezuela'),(16,'Sean Murphy',0,4,190,103,'Wright State','USA'),(17,'Justin Chen',1,5,173,64,'Northeastern','Taiwan');
/*!40000 ALTER TABLE `player` ENABLE KEYS */;
UNLOCK TABLES;
/*!50003 SET @saved_cs_client      = @@character_set_client */ ;
/*!50003 SET @saved_cs_results     = @@character_set_results */ ;
/*!50003 SET @saved_col_connection = @@collation_connection */ ;
/*!50003 SET character_set_client  = utf8mb4 */ ;
/*!50003 SET character_set_results = utf8mb4 */ ;
/*!50003 SET collation_connection  = utf8mb4_0900_ai_ci */ ;
/*!50003 SET @saved_sql_mode       = @@sql_mode */ ;
/*!50003 SET sql_mode              = 'STRICT_TRANS_TABLES,NO_ENGINE_SUBSTITUTION' */ ;
DELIMITER ;;
/*!50003 CREATE*/ /*!50017 DEFINER=`root`@`localhost`*/ /*!50003 TRIGGER `initialize_player_stats` AFTER INSERT ON `player` FOR EACH ROW begin
    call initialize_vals(new.player_id, new.position);
end */;;
DELIMITER ;
/*!50003 SET sql_mode              = @saved_sql_mode */ ;
/*!50003 SET character_set_client  = @saved_cs_client */ ;
/*!50003 SET character_set_results = @saved_cs_results */ ;
/*!50003 SET collation_connection  = @saved_col_connection */ ;

--
-- Table structure for table `team`
--

DROP TABLE IF EXISTS `team`;
/*!40101 SET @saved_cs_client     = @@character_set_client */;
/*!50503 SET character_set_client = utf8mb4 */;
CREATE TABLE `team` (
  `team_id` int NOT NULL AUTO_INCREMENT,
  `league` int NOT NULL,
  `name` varchar(50) NOT NULL,
  `city` varchar(50) NOT NULL,
  `owner` varchar(50) NOT NULL,
  `wins` int NOT NULL,
  `losses` int NOT NULL,
  PRIMARY KEY (`team_id`),
  KEY `team_fk_league` (`league`),
  CONSTRAINT `team_fk_league` FOREIGN KEY (`league`) REFERENCES `league` (`league_id`) ON DELETE RESTRICT ON UPDATE RESTRICT
) ENGINE=InnoDB AUTO_INCREMENT=6 DEFAULT CHARSET=utf8mb4 COLLATE=utf8mb4_0900_ai_ci;
/*!40101 SET character_set_client = @saved_cs_client */;

--
-- Dumping data for table `team`
--

LOCK TABLES `team` WRITE;
/*!40000 ALTER TABLE `team` DISABLE KEYS */;
INSERT INTO `team` VALUES (1,2,'Arizona Diamonbacks','Phoenix','Ken Kendrick',6,10),(2,2,'Atlanta Braves','Atlanta','Ted Turner',7,10),(3,1,'Baltimore Orioles','Baltimore','Peter Angelos',6,10),(4,1,'Oakland Athletics','Oakland','John fisher',9,8),(5,2,'Justin\'s Team','Boston','Justin Chen',10,5);
/*!40000 ALTER TABLE `team` ENABLE KEYS */;
UNLOCK TABLES;

--
-- Table structure for table `trade`
--

DROP TABLE IF EXISTS `trade`;
/*!40101 SET @saved_cs_client     = @@character_set_client */;
/*!50503 SET character_set_client = utf8mb4 */;
CREATE TABLE `trade` (
  `trade_id` int NOT NULL AUTO_INCREMENT,
  `player` int NOT NULL,
  `team_from` int NOT NULL,
  `team_to` int NOT NULL,
  `description` varchar(500) NOT NULL,
  `date` date DEFAULT NULL,
  PRIMARY KEY (`trade_id`),
  KEY `trade_fk_team_from` (`team_from`),
  KEY `trade_fk_team_to` (`team_to`),
  KEY `trade_fk_player` (`player`),
  CONSTRAINT `trade_fk_player` FOREIGN KEY (`player`) REFERENCES `player` (`player_id`),
  CONSTRAINT `trade_fk_team_from` FOREIGN KEY (`team_from`) REFERENCES `team` (`team_id`),
  CONSTRAINT `trade_fk_team_to` FOREIGN KEY (`team_to`) REFERENCES `team` (`team_id`)
) ENGINE=InnoDB AUTO_INCREMENT=2 DEFAULT CHARSET=utf8mb4 COLLATE=utf8mb4_0900_ai_ci;
/*!40101 SET character_set_client = @saved_cs_client */;

--
-- Dumping data for table `trade`
--

LOCK TABLES `trade` WRITE;
/*!40000 ALTER TABLE `trade` DISABLE KEYS */;
INSERT INTO `trade` VALUES (1,17,1,5,'traded Justin Chen for cash considerations','2022-02-09');
/*!40000 ALTER TABLE `trade` ENABLE KEYS */;
UNLOCK TABLES;

--
-- Table structure for table `transaction`
--

DROP TABLE IF EXISTS `transaction`;
/*!40101 SET @saved_cs_client     = @@character_set_client */;
/*!50503 SET character_set_client = utf8mb4 */;
CREATE TABLE `transaction` (
  `transaction_id` int NOT NULL AUTO_INCREMENT,
  `player` int NOT NULL,
  `team` int NOT NULL,
  `description` varchar(500) NOT NULL,
  `date` date DEFAULT NULL,
  PRIMARY KEY (`transaction_id`),
  KEY `transaction_fk_team` (`team`),
  KEY `transaction_fk_player` (`player`),
  CONSTRAINT `transaction_fk_player` FOREIGN KEY (`player`) REFERENCES `player` (`player_id`),
  CONSTRAINT `transaction_fk_team` FOREIGN KEY (`team`) REFERENCES `team` (`team_id`)
) ENGINE=InnoDB AUTO_INCREMENT=5 DEFAULT CHARSET=utf8mb4 COLLATE=utf8mb4_0900_ai_ci;
/*!40101 SET character_set_client = @saved_cs_client */;

--
-- Dumping data for table `transaction`
--

LOCK TABLES `transaction` WRITE;
/*!40000 ALTER TABLE `transaction` DISABLE KEYS */;
INSERT INTO `transaction` VALUES (1,9,3,'Recall from Norfolk Tides','2022-04-11'),(2,9,3,'Option to Norfolk Tides','2022-04-17'),(3,13,4,'Placed on 10-day injured list','2022-04-15'),(4,17,5,'Added to active roster','2022-03-01');
/*!40000 ALTER TABLE `transaction` ENABLE KEYS */;
UNLOCK TABLES;

--
-- Dumping routines for database 'mlb'
--
/*!50003 DROP PROCEDURE IF EXISTS `add_player` */;
/*!50003 SET @saved_cs_client      = @@character_set_client */ ;
/*!50003 SET @saved_cs_results     = @@character_set_results */ ;
/*!50003 SET @saved_col_connection = @@collation_connection */ ;
/*!50003 SET character_set_client  = utf8mb4 */ ;
/*!50003 SET character_set_results = utf8mb4 */ ;
/*!50003 SET collation_connection  = utf8mb4_0900_ai_ci */ ;
/*!50003 SET @saved_sql_mode       = @@sql_mode */ ;
/*!50003 SET sql_mode              = 'STRICT_TRANS_TABLES,NO_ENGINE_SUBSTITUTION' */ ;
DELIMITER ;;
CREATE DEFINER=`root`@`localhost` PROCEDURE `add_player`(
    name varChar(100),
    position int,
    team int,
    height int,
    weight int,
    school varChar(100),
    country varChar(50)
)
begin
	insert into player (name, position, team, height, weight, school, country)
	values (name, position, team, height, weight, school, country);
end ;;
DELIMITER ;
/*!50003 SET sql_mode              = @saved_sql_mode */ ;
/*!50003 SET character_set_client  = @saved_cs_client */ ;
/*!50003 SET character_set_results = @saved_cs_results */ ;
/*!50003 SET collation_connection  = @saved_col_connection */ ;
/*!50003 DROP PROCEDURE IF EXISTS `delete_player` */;
/*!50003 SET @saved_cs_client      = @@character_set_client */ ;
/*!50003 SET @saved_cs_results     = @@character_set_results */ ;
/*!50003 SET @saved_col_connection = @@collation_connection */ ;
/*!50003 SET character_set_client  = utf8mb4 */ ;
/*!50003 SET character_set_results = utf8mb4 */ ;
/*!50003 SET collation_connection  = utf8mb4_0900_ai_ci */ ;
/*!50003 SET @saved_sql_mode       = @@sql_mode */ ;
/*!50003 SET sql_mode              = 'STRICT_TRANS_TABLES,NO_ENGINE_SUBSTITUTION' */ ;
DELIMITER ;;
CREATE DEFINER=`root`@`localhost` PROCEDURE `delete_player`(
	p_id int
)
begin
	declare position int;
    select player.position into position from player where player_id = p_id;
    if position = 0 -- hitter
    then begin 
    delete from advancedstats where hitter_id = p_id;
    delete from hitterstats where player_id = p_id;
    end;
    else
	delete from advancedstats where pitcher_id = p_id;
    delete from pitcherstats where player_id = p_id;
    end if;
    delete from player where player_id = p_id;
end ;;
DELIMITER ;
/*!50003 SET sql_mode              = @saved_sql_mode */ ;
/*!50003 SET character_set_client  = @saved_cs_client */ ;
/*!50003 SET character_set_results = @saved_cs_results */ ;
/*!50003 SET collation_connection  = @saved_col_connection */ ;
/*!50003 DROP PROCEDURE IF EXISTS `find_hitter_stats` */;
/*!50003 SET @saved_cs_client      = @@character_set_client */ ;
/*!50003 SET @saved_cs_results     = @@character_set_results */ ;
/*!50003 SET @saved_col_connection = @@collation_connection */ ;
/*!50003 SET character_set_client  = utf8mb4 */ ;
/*!50003 SET character_set_results = utf8mb4 */ ;
/*!50003 SET collation_connection  = utf8mb4_0900_ai_ci */ ;
/*!50003 SET @saved_sql_mode       = @@sql_mode */ ;
/*!50003 SET sql_mode              = 'STRICT_TRANS_TABLES,NO_ENGINE_SUBSTITUTION' */ ;
DELIMITER ;;
CREATE DEFINER=`root`@`localhost` PROCEDURE `find_hitter_stats`(
	p_id int
)
begin
	select * from mlb.hitterstats where player_id = p_id;
    
end ;;
DELIMITER ;
/*!50003 SET sql_mode              = @saved_sql_mode */ ;
/*!50003 SET character_set_client  = @saved_cs_client */ ;
/*!50003 SET character_set_results = @saved_cs_results */ ;
/*!50003 SET collation_connection  = @saved_col_connection */ ;
/*!50003 DROP PROCEDURE IF EXISTS `find_pitcher_stats` */;
/*!50003 SET @saved_cs_client      = @@character_set_client */ ;
/*!50003 SET @saved_cs_results     = @@character_set_results */ ;
/*!50003 SET @saved_col_connection = @@collation_connection */ ;
/*!50003 SET character_set_client  = utf8mb4 */ ;
/*!50003 SET character_set_results = utf8mb4 */ ;
/*!50003 SET collation_connection  = utf8mb4_0900_ai_ci */ ;
/*!50003 SET @saved_sql_mode       = @@sql_mode */ ;
/*!50003 SET sql_mode              = 'STRICT_TRANS_TABLES,NO_ENGINE_SUBSTITUTION' */ ;
DELIMITER ;;
CREATE DEFINER=`root`@`localhost` PROCEDURE `find_pitcher_stats`(
	p_id int
)
begin
	select * from mlb.pitcherstats where player_id = p_id;
    
end ;;
DELIMITER ;
/*!50003 SET sql_mode              = @saved_sql_mode */ ;
/*!50003 SET character_set_client  = @saved_cs_client */ ;
/*!50003 SET character_set_results = @saved_cs_results */ ;
/*!50003 SET collation_connection  = @saved_col_connection */ ;
/*!50003 DROP PROCEDURE IF EXISTS `get_advanced_stats` */;
/*!50003 SET @saved_cs_client      = @@character_set_client */ ;
/*!50003 SET @saved_cs_results     = @@character_set_results */ ;
/*!50003 SET @saved_col_connection = @@collation_connection */ ;
/*!50003 SET character_set_client  = utf8mb4 */ ;
/*!50003 SET character_set_results = utf8mb4 */ ;
/*!50003 SET collation_connection  = utf8mb4_0900_ai_ci */ ;
/*!50003 SET @saved_sql_mode       = @@sql_mode */ ;
/*!50003 SET sql_mode              = 'STRICT_TRANS_TABLES,NO_ENGINE_SUBSTITUTION' */ ;
DELIMITER ;;
CREATE DEFINER=`root`@`localhost` PROCEDURE `get_advanced_stats`(
	player_id int,
    position int
)
begin
	if position = 0
    then select * from advancedstats where advancedstats.hitter_id = player_id;
    else
    select * from advancedstats where advancedstats.pitcher_id = player_id;
    end if;
end ;;
DELIMITER ;
/*!50003 SET sql_mode              = @saved_sql_mode */ ;
/*!50003 SET character_set_client  = @saved_cs_client */ ;
/*!50003 SET character_set_results = @saved_cs_results */ ;
/*!50003 SET collation_connection  = @saved_col_connection */ ;
/*!50003 DROP PROCEDURE IF EXISTS `get_full_player` */;
/*!50003 SET @saved_cs_client      = @@character_set_client */ ;
/*!50003 SET @saved_cs_results     = @@character_set_results */ ;
/*!50003 SET @saved_col_connection = @@collation_connection */ ;
/*!50003 SET character_set_client  = utf8mb4 */ ;
/*!50003 SET character_set_results = utf8mb4 */ ;
/*!50003 SET collation_connection  = utf8mb4_0900_ai_ci */ ;
/*!50003 SET @saved_sql_mode       = @@sql_mode */ ;
/*!50003 SET sql_mode              = 'STRICT_TRANS_TABLES,NO_ENGINE_SUBSTITUTION' */ ;
DELIMITER ;;
CREATE DEFINER=`root`@`localhost` PROCEDURE `get_full_player`(
	player_name varChar(100)
)
begin
	select player.*, team.name team from player 
    left join team on player.team = team.team_id
    left join transaction on player.player_id = transaction.player
    where player.name = player_name;
end ;;
DELIMITER ;
/*!50003 SET sql_mode              = @saved_sql_mode */ ;
/*!50003 SET character_set_client  = @saved_cs_client */ ;
/*!50003 SET character_set_results = @saved_cs_results */ ;
/*!50003 SET collation_connection  = @saved_col_connection */ ;
/*!50003 DROP PROCEDURE IF EXISTS `get_league` */;
/*!50003 SET @saved_cs_client      = @@character_set_client */ ;
/*!50003 SET @saved_cs_results     = @@character_set_results */ ;
/*!50003 SET @saved_col_connection = @@collation_connection */ ;
/*!50003 SET character_set_client  = utf8mb4 */ ;
/*!50003 SET character_set_results = utf8mb4 */ ;
/*!50003 SET collation_connection  = utf8mb4_0900_ai_ci */ ;
/*!50003 SET @saved_sql_mode       = @@sql_mode */ ;
/*!50003 SET sql_mode              = 'STRICT_TRANS_TABLES,NO_ENGINE_SUBSTITUTION' */ ;
DELIMITER ;;
CREATE DEFINER=`root`@`localhost` PROCEDURE `get_league`(
	league_name varchar(50)
)
begin
	select * from league 
    left join team on team.league = league.league_id
    where league.name = league_name;
end ;;
DELIMITER ;
/*!50003 SET sql_mode              = @saved_sql_mode */ ;
/*!50003 SET character_set_client  = @saved_cs_client */ ;
/*!50003 SET character_set_results = @saved_cs_results */ ;
/*!50003 SET collation_connection  = @saved_col_connection */ ;
/*!50003 DROP PROCEDURE IF EXISTS `get_matchup` */;
/*!50003 SET @saved_cs_client      = @@character_set_client */ ;
/*!50003 SET @saved_cs_results     = @@character_set_results */ ;
/*!50003 SET @saved_col_connection = @@collation_connection */ ;
/*!50003 SET character_set_client  = utf8mb4 */ ;
/*!50003 SET character_set_results = utf8mb4 */ ;
/*!50003 SET collation_connection  = utf8mb4_0900_ai_ci */ ;
/*!50003 SET @saved_sql_mode       = @@sql_mode */ ;
/*!50003 SET sql_mode              = 'STRICT_TRANS_TABLES,NO_ENGINE_SUBSTITUTION' */ ;
DELIMITER ;;
CREATE DEFINER=`root`@`localhost` PROCEDURE `get_matchup`(
	hitter int,
    pitcher int
)
begin
	select * from advancedstats 
    where hitter_id = hitter and pitcher_id = pitcher;
end ;;
DELIMITER ;
/*!50003 SET sql_mode              = @saved_sql_mode */ ;
/*!50003 SET character_set_client  = @saved_cs_client */ ;
/*!50003 SET character_set_results = @saved_cs_results */ ;
/*!50003 SET collation_connection  = @saved_col_connection */ ;
/*!50003 DROP PROCEDURE IF EXISTS `get_player_stats` */;
/*!50003 SET @saved_cs_client      = @@character_set_client */ ;
/*!50003 SET @saved_cs_results     = @@character_set_results */ ;
/*!50003 SET @saved_col_connection = @@collation_connection */ ;
/*!50003 SET character_set_client  = utf8mb4 */ ;
/*!50003 SET character_set_results = utf8mb4 */ ;
/*!50003 SET collation_connection  = utf8mb4_0900_ai_ci */ ;
/*!50003 SET @saved_sql_mode       = @@sql_mode */ ;
/*!50003 SET sql_mode              = 'STRICT_TRANS_TABLES,NO_ENGINE_SUBSTITUTION' */ ;
DELIMITER ;;
CREATE DEFINER=`root`@`localhost` PROCEDURE `get_player_stats`(
	player_id int,
    position int
)
begin
	if position = 0
    then select * from hitterstats where hitterstats.player_id = player_id;
    else
    select * from pitcherstats where pitcherstats.player_id = player_id;
    end if;
end ;;
DELIMITER ;
/*!50003 SET sql_mode              = @saved_sql_mode */ ;
/*!50003 SET character_set_client  = @saved_cs_client */ ;
/*!50003 SET character_set_results = @saved_cs_results */ ;
/*!50003 SET collation_connection  = @saved_col_connection */ ;
/*!50003 DROP PROCEDURE IF EXISTS `get_player_transactions` */;
/*!50003 SET @saved_cs_client      = @@character_set_client */ ;
/*!50003 SET @saved_cs_results     = @@character_set_results */ ;
/*!50003 SET @saved_col_connection = @@collation_connection */ ;
/*!50003 SET character_set_client  = utf8mb4 */ ;
/*!50003 SET character_set_results = utf8mb4 */ ;
/*!50003 SET collation_connection  = utf8mb4_0900_ai_ci */ ;
/*!50003 SET @saved_sql_mode       = @@sql_mode */ ;
/*!50003 SET sql_mode              = 'STRICT_TRANS_TABLES,NO_ENGINE_SUBSTITUTION' */ ;
DELIMITER ;;
CREATE DEFINER=`root`@`localhost` PROCEDURE `get_player_transactions`(
	player_id int
)
begin
	select * from transaction where transaction.player = player_id;
end ;;
DELIMITER ;
/*!50003 SET sql_mode              = @saved_sql_mode */ ;
/*!50003 SET character_set_client  = @saved_cs_client */ ;
/*!50003 SET character_set_results = @saved_cs_results */ ;
/*!50003 SET collation_connection  = @saved_col_connection */ ;
/*!50003 DROP PROCEDURE IF EXISTS `get_stats` */;
/*!50003 SET @saved_cs_client      = @@character_set_client */ ;
/*!50003 SET @saved_cs_results     = @@character_set_results */ ;
/*!50003 SET @saved_col_connection = @@collation_connection */ ;
/*!50003 SET character_set_client  = utf8mb4 */ ;
/*!50003 SET character_set_results = utf8mb4 */ ;
/*!50003 SET collation_connection  = utf8mb4_0900_ai_ci */ ;
/*!50003 SET @saved_sql_mode       = @@sql_mode */ ;
/*!50003 SET sql_mode              = 'STRICT_TRANS_TABLES,NO_ENGINE_SUBSTITUTION' */ ;
DELIMITER ;;
CREATE DEFINER=`root`@`localhost` PROCEDURE `get_stats`(
	p_id int,
    position int
)
begin
	if position = 0
    then call find_hitter_stats(p_id);
    else
    call find_pitcher_stats(p_id);
    end if;
end ;;
DELIMITER ;
/*!50003 SET sql_mode              = @saved_sql_mode */ ;
/*!50003 SET character_set_client  = @saved_cs_client */ ;
/*!50003 SET character_set_results = @saved_cs_results */ ;
/*!50003 SET collation_connection  = @saved_col_connection */ ;
/*!50003 DROP PROCEDURE IF EXISTS `get_team` */;
/*!50003 SET @saved_cs_client      = @@character_set_client */ ;
/*!50003 SET @saved_cs_results     = @@character_set_results */ ;
/*!50003 SET @saved_col_connection = @@collation_connection */ ;
/*!50003 SET character_set_client  = utf8mb4 */ ;
/*!50003 SET character_set_results = utf8mb4 */ ;
/*!50003 SET collation_connection  = utf8mb4_0900_ai_ci */ ;
/*!50003 SET @saved_sql_mode       = @@sql_mode */ ;
/*!50003 SET sql_mode              = 'STRICT_TRANS_TABLES,NO_ENGINE_SUBSTITUTION' */ ;
DELIMITER ;;
CREATE DEFINER=`root`@`localhost` PROCEDURE `get_team`(
	team_name varchar(50)
)
begin
	select * from team 
    left join player on team.team_id = player.team
    where team.name = team_name;
end ;;
DELIMITER ;
/*!50003 SET sql_mode              = @saved_sql_mode */ ;
/*!50003 SET character_set_client  = @saved_cs_client */ ;
/*!50003 SET character_set_results = @saved_cs_results */ ;
/*!50003 SET collation_connection  = @saved_col_connection */ ;
/*!50003 DROP PROCEDURE IF EXISTS `get_team_advanced` */;
/*!50003 SET @saved_cs_client      = @@character_set_client */ ;
/*!50003 SET @saved_cs_results     = @@character_set_results */ ;
/*!50003 SET @saved_col_connection = @@collation_connection */ ;
/*!50003 SET character_set_client  = utf8mb4 */ ;
/*!50003 SET character_set_results = utf8mb4 */ ;
/*!50003 SET collation_connection  = utf8mb4_0900_ai_ci */ ;
/*!50003 SET @saved_sql_mode       = @@sql_mode */ ;
/*!50003 SET sql_mode              = 'STRICT_TRANS_TABLES,NO_ENGINE_SUBSTITUTION' */ ;
DELIMITER ;;
CREATE DEFINER=`root`@`localhost` PROCEDURE `get_team_advanced`(
	team_id int,
    position int
)
begin
	if position = 0
    then select * from player
    left join advancedstats on player.player_id = advancedstats.hitter_id
    where player.team = team_id and player.position = 0;
    else
    select * from player
    left join advancedstats on player.player_id = advancedstats.pitcher_id
    where player.team = team_id and player.position = 1;
    end if;
    
end ;;
DELIMITER ;
/*!50003 SET sql_mode              = @saved_sql_mode */ ;
/*!50003 SET character_set_client  = @saved_cs_client */ ;
/*!50003 SET character_set_results = @saved_cs_results */ ;
/*!50003 SET collation_connection  = @saved_col_connection */ ;
/*!50003 DROP PROCEDURE IF EXISTS `get_team_stats` */;
/*!50003 SET @saved_cs_client      = @@character_set_client */ ;
/*!50003 SET @saved_cs_results     = @@character_set_results */ ;
/*!50003 SET @saved_col_connection = @@collation_connection */ ;
/*!50003 SET character_set_client  = utf8mb4 */ ;
/*!50003 SET character_set_results = utf8mb4 */ ;
/*!50003 SET collation_connection  = utf8mb4_0900_ai_ci */ ;
/*!50003 SET @saved_sql_mode       = @@sql_mode */ ;
/*!50003 SET sql_mode              = 'STRICT_TRANS_TABLES,NO_ENGINE_SUBSTITUTION' */ ;
DELIMITER ;;
CREATE DEFINER=`root`@`localhost` PROCEDURE `get_team_stats`(
	team_id int,
    position int
)
begin
	if position = 0
    then select * from player
    left join hitterstats on player.player_id = hitterstats.player_id
    where player.team = team_id and player.position = 0;
    else
    select * from player
    left join pitcherstats on player.player_id = pitcherstats.player_id
    where player.team = team_id and player.position = 1;
    end if;
    
end ;;
DELIMITER ;
/*!50003 SET sql_mode              = @saved_sql_mode */ ;
/*!50003 SET character_set_client  = @saved_cs_client */ ;
/*!50003 SET character_set_results = @saved_cs_results */ ;
/*!50003 SET collation_connection  = @saved_col_connection */ ;
/*!50003 DROP PROCEDURE IF EXISTS `initialize_vals` */;
/*!50003 SET @saved_cs_client      = @@character_set_client */ ;
/*!50003 SET @saved_cs_results     = @@character_set_results */ ;
/*!50003 SET @saved_col_connection = @@collation_connection */ ;
/*!50003 SET character_set_client  = utf8mb4 */ ;
/*!50003 SET character_set_results = utf8mb4 */ ;
/*!50003 SET collation_connection  = utf8mb4_0900_ai_ci */ ;
/*!50003 SET @saved_sql_mode       = @@sql_mode */ ;
/*!50003 SET sql_mode              = 'STRICT_TRANS_TABLES,NO_ENGINE_SUBSTITUTION' */ ;
DELIMITER ;;
CREATE DEFINER=`root`@`localhost` PROCEDURE `initialize_vals`(
	player_id int,
    position int
)
begin
	if (select count(*) from hitterstats where hitterstats.player_id = player_id) <> 1 and position = 0
	then insert into hitterstats values (player_id, 0, 0, 0, 0, 0, 0, 0, 0, 0, 0, 0, 0, 0);
    end if;
    if (select count(*) from pitcherstats where pitcherstats.player_id = player_id) <> 1 and position = 1
	then insert into pitcherstats values (player_id, 0, 0, 0, 0, 0, 0, 0, 0, 0, 0);
    end if;
end ;;
DELIMITER ;
/*!50003 SET sql_mode              = @saved_sql_mode */ ;
/*!50003 SET character_set_client  = @saved_cs_client */ ;
/*!50003 SET character_set_results = @saved_cs_results */ ;
/*!50003 SET collation_connection  = @saved_col_connection */ ;
/*!40103 SET TIME_ZONE=@OLD_TIME_ZONE */;

/*!40101 SET SQL_MODE=@OLD_SQL_MODE */;
/*!40014 SET FOREIGN_KEY_CHECKS=@OLD_FOREIGN_KEY_CHECKS */;
/*!40014 SET UNIQUE_CHECKS=@OLD_UNIQUE_CHECKS */;
/*!40101 SET CHARACTER_SET_CLIENT=@OLD_CHARACTER_SET_CLIENT */;
/*!40101 SET CHARACTER_SET_RESULTS=@OLD_CHARACTER_SET_RESULTS */;
/*!40101 SET COLLATION_CONNECTION=@OLD_COLLATION_CONNECTION */;
/*!40111 SET SQL_NOTES=@OLD_SQL_NOTES */;

-- Dump completed on 2022-04-29  1:25:55
