,batter,pitcher,release_speed,launch_angle,launch_speed
0,15,17,89.4,,
1,15,17,90.2,67.0,68.5
2,15,17,82.8,,
3,15,17,88.5,,
4,15,17,92.1,,
5,15,17,92.7,,
6,15,17,89.1,,
7,15,17,89.5,,
8,15,17,80.5,-2.0,70.9
9,15,17,91.3,,
11,15,17,94.2,,
12,15,17,92.5,,
14,15,17,92.3,,
15,15,17,93.8,,
16,15,17,80.8,18.0,101.8
17,15,17,81.6,,
18,15,17,91.1,,
19,15,17,93.7,,
20,15,17,81.1,,
22,15,17,89.7,60.0,89.3
23,15,17,79.9,-34.0,86.0
24,15,17,93.5,,
25,15,17,79.6,,
26,15,17,80.7,,
27,15,17,81.2,,
28,15,17,93.3,-26.0,78.9
29,15,17,87.4,,
30,15,17,86.9,,
31,15,17,94.0,,
32,15,17,86.1,,
33,15,17,93.5,35.0,105.1
35,15,17,93.4,,
36,15,17,79.2,,
37,15,17,93.2,,
38,15,17,87.1,,
39,15,17,83.4,-34.0,42.7
40,15,17,84.1,,
42,15,17,85.4,,
43,15,17,82.5,21.0,82.4
44,15,17,82.7,,
45,15,17,80.3,,
46,15,17,80.6,2.0,100.3
47,15,17,81.9,,
48,15,17,91.1,-50.0,54.5
49,15,17,91.4,,
50,15,17,91.8,,
51,15,17,81.4,,
52,15,17,98.4,-50.0,87.5
53,15,17,90.6,,
54,15,17,98.2,,
55,15,10,93.4,-23.0,75.0
56,15,10,93.0,,
57,15,17,93.7,30.0,72.6
58,15,17,92.8,,
59,15,17,88.1,,
60,15,17,91.6,,
63,15,17,95.7,,
64,15,17,85.3,,
65,15,17,85.0,,
66,15,17,96.3,,
67,15,17,83.5,13.0,97.3
69,15,17,80.7,47.0,59.5
70,15,17,80.0,,
71,15,17,92.6,,
73,15,17,86.6,46.0,86.7
74,15,17,84.4,,
75,15,17,85.4,-59.0,76.0
76,15,17,91.9,,
77,15,17,83.6,,
78,15,17,87.5,,
79,15,17,93.8,33.0,72.2
80,15,17,82.8,-22.0,87.0
81,15,17,86.9,19.0,68.6
83,15,17,92.5,12.0,79.6
85,15,17,86.8,,
86,15,17,84.0,,
87,15,17,86.5,17.0,94.1
88,15,17,96.6,39.0,76.3
89,15,17,96.6,52.0,77.2
90,15,17,88.4,,
91,15,17,96.8,,
92,15,17,87.9,,
94,15,17,89.6,41.0,91.9
95,15,17,86.0,,
96,15,17,88.3,,
97,15,17,70.2,,
98,15,17,87.6,,
99,15,17,88.9,,
100,15,17,87.3,-27.0,58.4
101,15,17,93.6,,
103,15,17,88.8,-2.0,53.0
104,15,17,81.0,,
106,15,17,89.9,-16.0,83.5
107,15,17,79.7,,
109,15,17,88.0,,
111,15,17,86.8,-10.0,89.9
114,15,17,85.2,,
115,15,17,86.6,,
117,15,17,93.6,30.0,92.8
118,15,17,93.1,,
120,15,17,84.8,-60.0,29.9
121,15,17,83.8,,
122,15,17,91.5,,
123,15,17,83.9,-27.0,69.8
124,15,17,90.6,47.0,72.4
125,15,17,80.5,,
126,15,17,80.9,,
127,15,17,84.5,-18.0,87.2
128,15,17,84.1,-25.0,99.6
130,15,17,90.8,-24.0,81.0
131,15,17,83.7,,
132,15,17,90.3,,
133,15,17,80.0,17.0,101.1
135,15,17,91.1,-14.0,79.4
137,15,17,90.0,,
138,15,17,94.6,,
139,15,17,95.7,73.0,83.4
141,15,17,77.9,69.0,58.6
142,15,17,79.0,,
143,15,17,76.6,,
144,15,17,78.2,-35.0,79.2
145,15,17,85.1,,
146,15,17,86.2,,
147,15,17,99.4,,
148,15,17,84.0,-36.0,85.9
149,15,17,99.6,,
150,15,17,88.6,,
151,15,17,99.0,,
152,15,17,89.6,25.0,83.8
153,15,17,90.4,,
154,15,17,90.5,,
156,15,17,90.1,,
160,15,17,83.1,,
162,15,17,87.7,-27.0,73.5
165,15,17,82.1,13.0,87.2
166,15,17,84.6,,
167,15,17,81.5,,
169,15,17,84.9,,
172,15,17,89.0,55.0,79.5
173,15,17,81.2,36.0,84.2
178,15,17,75.8,68.0,78.1
179,15,17,82.5,24.0,73.9
180,15,17,76.3,,
182,15,17,75.2,,
183,15,17,88.7,,
184,15,17,83.0,4.0,99.3
186,15,17,76.9,32.0,98.8
188,15,17,94.6,27.0,72.9
189,15,17,94.7,,
193,15,17,45.8,1.0,89.1
195,15,17,95.4,,
196,15,17,76.8,,
197,15,17,90.1,-46.0,81.9
199,15,17,91.9,5.0,86.7
202,15,17,91.5,-21.0,75.2
204,15,17,90.4,10.0,109.8
206,15,17,93.7,30.0,93.2
207,15,17,94.8,55.0,75.5
209,15,17,94.1,,
212,15,17,92.9,,
214,15,17,93.3,,
217,15,17,91.5,9.0,90.4
218,15,17,92.2,,
219,15,17,82.2,38.0,62.5
220,15,17,82.4,56.0,70.9
223,15,17,91.4,-24.0,92.7
225,15,17,98.2,35.0,98.8
227,15,17,98.1,69.0,82.0
228,15,17,97.3,,
229,15,17,98.6,,
230,15,17,84.6,-20.0,94.2
233,15,17,78.7,-10.0,96.1
235,15,17,77.7,,
236,15,17,95.3,-47.0,80.3
237,15,17,96.2,,
238,15,17,88.2,,
239,15,17,94.8,-55.0,64.6
240,15,17,78.5,,
241,15,17,78.4,,
243,15,17,96.4,,
245,15,17,94.8,,
246,15,17,95.6,,
247,8,17,91.1,55.0,88.2
248,8,17,91.1,,
249,8,17,79.1,50.0,94.6
250,8,17,91.9,,
251,8,17,85.4,,
252,8,17,87.7,,
253,8,17,91.8,-3.0,103.3
254,8,17,95.1,21.0,78.4
255,8,17,87.1,,
256,8,17,83.2,,
257,8,17,95.1,,
258,8,17,92.3,62.0,92.9
259,8,17,91.6,,
261,8,17,81.2,,
262,8,17,85.2,,
263,8,17,87.5,,
264,8,17,92.1,33.0,71.9
265,8,17,82.3,31.0,92.6
266,8,17,84.2,,
267,8,17,86.9,,
268,8,17,85.6,77.0,71.0
269,8,17,93.0,,
270,8,17,81.4,,
272,8,17,86.5,,
273,8,17,86.7,,
274,8,17,91.7,,
275,8,17,89.7,42.0,85.0
276,8,17,89.5,,
277,8,17,99.9,,
278,8,17,83.3,26.0,85.0
279,8,17,91.8,,
280,8,17,93.9,,
281,8,17,91.5,,
282,8,17,94.2,,
283,8,17,84.2,61.0,87.8
284,8,17,82.8,46.0,68.1
285,8,17,95.6,,
286,8,17,91.5,29.0,73.0
287,8,17,93.1,,
288,8,17,84.8,,
289,8,17,85.8,,
290,8,17,92.6,,
291,8,17,96.6,,
292,8,17,83.9,,
295,8,17,90.3,34.0,60.8
297,8,17,85.3,,
298,8,17,85.6,,
299,8,17,90.6,,
300,8,17,85.2,-10.0,54.3
302,8,17,84.6,,
303,8,17,89.6,,
304,8,17,83.3,13.0,82.2
307,8,17,100.2,-3.0,91.1
308,8,17,92.7,,
309,8,17,101.0,,
311,8,17,89.1,15.0,99.0
313,8,17,82.7,,
314,8,17,87.4,,
316,8,17,94.4,,
317,8,17,82.8,,
318,8,17,84.7,49.0,67.4
319,8,17,86.4,,
320,8,17,97.3,38.0,102.7
322,8,17,75.9,,
323,8,17,93.5,,
324,8,17,92.4,,
325,8,17,77.9,,
326,8,17,77.2,,
327,8,17,93.9,23.0,105.4
328,8,17,92.9,,
329,8,17,80.2,,
331,8,17,82.8,4.0,103.7
332,8,17,93.7,,
333,8,17,92.2,,
334,8,17,83.3,,
335,8,17,94.1,,
336,8,17,72.2,,
337,8,17,93.8,,
339,8,17,81.7,,
340,8,17,95.3,-13.0,104.1
341,8,17,95.1,18.0,103.0
342,8,17,86.4,58.0,73.0
344,8,17,97.5,,
345,8,17,84.1,,
346,8,17,96.8,,
347,8,17,96.0,,
349,8,17,98.1,,
350,8,17,96.2,,
351,8,17,78.9,,
352,8,17,96.4,,
353,8,17,95.7,,
354,8,17,95.2,,
355,8,17,91.1,-2.0,100.3
356,8,17,91.4,,
357,8,17,89.6,12.0,107.3
358,8,17,82.4,,
360,8,17,90.9,,
362,8,17,90.1,,
364,8,17,90.3,,
365,8,17,81.9,,
366,8,17,80.8,,
367,8,17,80.1,,
369,8,17,82.5,,
370,8,17,93.6,,
372,8,17,77.0,,
373,8,17,76.4,,
375,8,17,91.1,9.0,104.9
376,8,17,82.1,-50.0,41.2
377,8,17,89.2,8.0,105.9
378,8,17,77.6,,
379,8,17,87.8,,
380,8,17,85.0,-7.0,95.9
381,8,17,92.2,-4.0,106.7
383,8,17,63.4,,
385,8,17,62.8,,
386,8,17,59.6,,
387,8,17,56.6,,
388,8,17,52.2,,
389,8,17,50.6,,
390,8,17,89.8,,
391,8,17,71.5,32.0,102.7
392,8,17,93.7,78.0,94.3
393,8,17,70.8,,
394,8,17,91.3,57.0,86.4
395,8,17,95.6,26.0,72.4
396,8,17,85.0,51.0,71.1
397,8,17,95.4,53.0,64.7
398,8,17,93.4,,
399,8,17,94.8,,
402,8,17,85.2,0.0,101.7
403,8,17,85.0,,
404,8,17,90.7,80.0,96.5
405,8,17,92.4,-23.0,81.3
406,8,17,91.3,,
407,8,17,82.0,,
408,8,17,86.2,54.0,86.5
409,8,17,100.8,16.0,80.4
410,8,17,99.5,,
411,8,17,85.9,,
412,8,17,86.1,,
414,8,17,83.2,45.0,77.9
416,8,17,82.6,,
417,8,17,86.2,15.0,108.0
419,8,17,84.7,60.0,80.9
421,8,17,80.7,49.0,93.0
424,8,17,91.0,,
425,8,17,80.7,,
427,8,17,80.1,26.0,66.2
430,8,17,81.0,,
431,8,17,93.5,30.0,95.0
432,8,17,84.0,60.0,79.6
435,8,17,88.8,36.0,103.8
436,8,17,88.7,,
440,8,17,94.2,45.0,99.6
441,8,17,81.1,,
442,8,17,88.0,,
443,8,17,88.1,,
444,8,17,86.2,,
445,8,17,76.7,,
446,8,17,85.1,,
447,8,17,84.4,-30.0,40.9
449,8,17,82.9,,
450,8,17,83.0,,
453,8,17,93.3,,
455,8,17,81.5,14.0,82.8
456,8,17,83.7,-24.0,30.4
457,8,17,85.5,,
458,8,17,96.0,10.0,82.8
459,8,17,95.4,71.0,91.2
460,8,17,84.7,,
461,8,17,84.0,,
463,8,17,88.2,,
464,8,17,93.1,45.0,79.6
470,8,17,81.8,,
471,8,17,90.7,-2.0,106.6
473,4,17,89.9,-10.0,82.1
474,4,17,89.9,,
475,4,17,86.0,,
477,4,17,83.5,,
478,4,17,97.0,37.0,97.8
479,4,17,90.1,,
480,4,17,94.7,,
481,4,17,87.9,-12.0,82.2
482,4,17,82.8,,
483,4,17,89.5,-20.0,106.4
484,4,17,93.3,,
485,4,17,89.0,11.0,100.8
486,4,17,96.6,,
487,4,17,83.4,,
488,4,17,89.2,,
489,4,17,94.2,,
490,4,17,94.8,,
491,4,17,92.0,39.0,80.1
492,4,17,85.8,,
493,4,17,91.3,,
494,4,17,94.3,33.0,75.1
495,4,17,93.4,,
496,4,17,93.9,,
497,4,17,84.4,,
499,4,17,84.0,-36.0,71.0
500,4,17,77.1,,
501,4,17,87.9,,
502,4,17,98.0,37.0,71.4
503,4,17,86.2,,
504,4,17,83.0,,
505,4,17,86.8,,
506,4,17,90.7,,
507,4,17,94.9,62.0,75.1
508,4,17,84.2,,
509,4,17,79.3,-21.0,74.0
510,4,17,84.2,0.0,109.3
511,4,17,79.6,,
512,4,17,95.9,,
513,4,17,94.5,,
514,4,17,90.1,9.0,107.1
515,4,17,91.1,,
516,4,17,80.7,72.0,62.6
517,4,17,79.1,,
518,4,17,82.0,46.0,86.7
519,4,17,82.1,,
520,4,17,90.6,,
521,4,17,88.8,,
522,4,17,76.2,-48.0,
523,4,17,77.4,,
524,4,17,97.7,,
525,4,17,82.1,56.0,94.3
526,4,17,87.6,,
527,4,17,90.5,-52.0,66.7
528,4,17,92.1,48.0,69.5
529,4,17,81.7,-16.0,85.8
530,4,17,85.4,,
531,4,17,80.9,-30.0,75.3
532,4,17,91.5,,
533,4,17,91.4,,
534,4,17,77.3,3.0,71.9
535,4,17,91.9,13.0,102.3
536,4,17,75.6,,
537,4,17,96.5,-27.0,87.2
538,4,17,78.5,57.0,83.5
539,4,17,93.1,,
540,4,17,84.7,,
541,4,17,89.0,27.0,98.1
542,4,17,89.0,,
543,4,17,76.9,,
544,4,17,90.4,,
545,4,17,93.0,48.0,84.6
546,4,17,82.9,,
547,4,17,81.4,,
548,4,17,81.7,,
549,4,17,84.1,,
550,4,17,94.5,6.0,73.1
551,4,17,94.0,,
552,4,17,76.8,,
553,4,17,94.4,,
554,4,17,77.6,,
555,4,17,81.7,26.0,84.9
556,4,17,82.4,,
557,4,17,93.6,49.0,71.7
558,4,17,95.3,,
559,4,17,95.6,,
560,4,17,94.1,,
561,4,17,96.1,-2.0,90.8
562,4,17,88.0,,
563,4,17,95.3,51.0,81.8
564,4,17,87.7,,
565,4,17,95.2,42.0,72.7
566,4,17,95.4,-57.0,57.9
568,4,17,82.5,,
569,4,17,95.5,,
572,4,17,94.2,23.0,98.8
574,4,17,93.5,,
576,4,17,94.9,,
579,4,17,85.6,,
581,4,17,86.2,47.0,75.6
582,4,17,91.8,9.0,100.0
583,4,17,94.6,,
584,4,17,86.0,-7.0,58.0
585,4,17,94.3,,
586,4,17,84.6,,
587,4,17,91.2,,
589,4,17,83.8,,
590,4,17,84.5,,
591,4,17,85.7,,
592,4,17,84.1,36.0,66.2
594,4,17,95.1,,
595,4,17,85.3,,
596,4,17,86.6,-29.0,82.4
597,4,17,75.2,,
599,4,17,83.5,-34.0,76.5
601,4,17,85.5,,
602,4,17,93.1,-2.0,107.0
603,4,17,92.4,,
604,4,17,89.8,,
605,4,17,96.3,,
606,4,17,77.8,-1.0,105.3
607,4,17,96.0,,
608,4,17,80.6,74.0,71.7
609,4,17,80.4,,
610,4,17,88.6,,
611,4,17,86.3,,
613,4,17,92.8,-38.0,84.6
614,4,17,89.4,10.0,80.9
615,4,17,73.2,21.0,36.1
616,4,17,92.8,39.0,73.1
617,4,17,88.9,-31.0,66.8
618,4,17,88.0,5.0,83.2
619,4,17,91.0,,
620,4,17,70.3,34.0,76.9
622,4,17,70.9,,
623,4,17,84.9,-32.0,57.3
624,4,17,85.3,-18.0,85.6
625,4,17,77.2,,
626,4,17,84.6,12.0,102.5
627,4,17,87.4,,
628,4,17,92.0,,
630,4,17,80.9,-47.0,64.5
632,4,17,79.4,,
634,4,17,90.5,,
636,4,17,94.4,37.0,62.4
637,4,17,95.4,,
638,4,17,81.3,37.0,93.4
639,4,17,96.2,13.0,74.7
641,4,17,81.8,,
642,4,17,94.6,-49.0,87.7
643,4,17,93.7,-61.0,
644,4,17,93.2,35.0,100.7
645,4,17,79.9,,
647,4,17,73.8,1.0,80.3
648,4,17,90.7,37.0,92.9
649,4,17,75.2,7.0,103.3
650,4,17,76.3,,
651,4,17,95.8,,
652,4,17,97.9,-2.0,94.7
653,4,17,99.0,,
654,4,17,88.1,,
655,4,17,96.9,-40.0,90.0
656,4,17,82.2,43.0,80.4
657,4,17,95.6,40.0,74.5
658,4,17,83.2,,
659,4,17,97.2,,
660,4,17,96.5,,
661,4,17,87.4,-1.0,101.9
662,4,17,80.7,,
663,4,17,80.6,,
664,4,17,90.5,42.0,101.9
666,4,17,96.9,,
667,4,17,83.6,,
670,4,17,92.0,67.0,87.0
672,4,17,89.9,0.0,106.2
673,4,17,97.5,,
675,4,17,72.9,,
676,4,17,89.7,68.0,85.6
677,4,17,84.8,,
679,4,17,91.8,,
681,4,17,86.7,,
684,4,17,96.4,-22.0,99.1
685,4,17,85.9,-28.0,72.1
686,4,17,86.5,,
687,4,17,96.2,52.0,76.6
688,4,17,97.0,,
689,4,17,83.4,30.0,61.6
690,4,17,93.3,70.0,67.3
691,4,17,93.2,,
692,4,17,89.1,-8.0,99.2
693,4,17,89.5,,
694,4,17,91.5,24.0,100.5
696,4,17,79.1,32.0,61.3
698,4,17,84.0,-45.0,71.1
699,4,17,93.0,,
700,4,17,92.5,15.0,77.4
701,4,17,85.2,,
703,4,17,95.9,6.0,105.9
704,4,17,89.4,,
706,4,17,88.3,,
707,4,17,94.8,33.0,72.2
708,4,17,87.9,-8.0,97.1
710,4,17,96.2,,
711,4,17,96.2,-22.0,75.7
712,4,17,85.1,,
713,4,17,89.6,,
715,4,17,96.4,,
717,7,17,82.0,-27.0,88.3
718,7,17,93.4,31.0,69.9
719,7,17,93.8,,
720,7,17,82.7,47.0,64.8
721,7,17,95.7,,
722,7,17,86.0,,
723,7,17,83.9,,
724,7,17,85.4,,
725,7,17,94.2,,
726,7,17,92.5,10.0,91.2
727,7,17,92.3,,
728,7,17,85.0,,
729,7,17,82.9,0.0,93.3
730,7,17,83.5,,
731,7,17,92.1,,
732,7,17,75.8,39.0,78.2
733,7,17,88.7,-6.0,90.7
734,7,17,84.3,,
735,7,17,80.4,-22.0,80.2
736,7,17,87.3,,
737,7,17,86.9,,
738,7,17,84.6,,
739,7,17,90.4,23.0,107.2
740,7,17,89.5,-15.0,78.2
741,7,17,85.5,,
742,7,17,88.2,,
743,7,17,100.5,-48.0,102.3
744,7,17,87.5,,
745,7,17,89.2,,
746,7,17,99.8,45.0,83.5
747,7,17,93.6,7.0,106.5
748,7,17,94.0,,
749,7,17,95.6,40.0,82.7
750,7,17,96.6,,
751,7,17,79.4,-27.0,69.4
752,7,17,97.3,,
753,7,17,95.0,38.0,78.7
754,7,17,85.1,-47.0,48.7
755,7,17,85.3,,
756,7,17,96.6,13.0,58.8
757,7,17,98.1,,
758,7,17,95.9,,
759,7,17,99.1,,
760,7,17,98.6,-51.0,83.5
761,7,17,97.8,,
762,7,17,98.3,,
763,7,17,97.5,,
764,7,17,97.6,,
765,7,17,78.6,,
766,7,17,76.8,,
767,7,17,76.2,,
768,7,17,75.9,,
769,7,17,80.9,3.0,82.2
770,7,17,90.6,,
771,7,17,81.6,,
772,7,17,80.7,,
773,7,17,70.7,,
774,7,17,89.0,,
775,7,17,78.0,8.0,74.8
776,7,17,78.0,,
778,7,17,91.9,19.0,103.0
779,7,17,92.2,45.0,81.0
780,7,17,79.8,,
781,7,17,77.7,,
782,7,17,88.3,28.0,68.2
784,7,17,93.4,,
785,7,17,88.9,,
786,7,17,71.2,,
788,7,17,88.8,,
790,7,17,69.9,,
791,7,17,76.9,,
792,7,17,96.7,-3.0,100.5
793,7,17,97.5,10.0,83.2
794,7,17,87.4,,
795,7,17,96.8,,
796,7,17,96.0,,
797,7,17,97.0,,
798,7,17,95.4,,
799,7,17,95.0,,
800,7,17,84.5,,
801,7,17,85.9,,
802,7,17,91.3,,
803,7,17,94.6,,
804,12,17,95.5,,
805,12,17,89.0,-24.0,73.8
806,12,17,94.9,-39.0,96.9
807,12,17,94.9,,
808,12,17,84.2,,
809,12,17,77.0,,
810,12,17,88.2,38.0,72.7
812,12,17,83.2,18.0,98.3
813,12,17,94.4,,
814,12,17,94.6,,
815,12,17,95.2,,
816,12,17,95.2,61.0,67.7
817,12,17,92.8,22.0,88.1
818,12,17,93.3,,
819,12,17,86.4,,
820,12,17,92.8,,
821,12,17,92.2,34.0,98.9
822,12,17,94.1,,
823,12,17,92.8,34.0,81.7
824,12,17,72.4,-33.0,78.1
825,12,17,90.6,16.0,106.6
826,12,17,84.8,,
827,12,17,81.6,12.0,106.3
828,12,17,85.6,-39.0,70.7
829,12,17,80.5,,
830,12,17,92.5,-40.0,89.1
831,12,17,84.1,-58.0,63.5
832,12,17,94.0,64.0,84.7
833,12,17,92.5,,
834,12,17,78.5,2.0,78.3
835,12,17,71.8,,
836,12,17,91.4,,
838,12,17,78.8,,
839,12,17,91.2,0.0,108.9
840,12,17,86.8,28.0,99.1
841,12,17,90.9,,
842,12,17,86.0,,
843,12,17,88.3,30.0,87.4
845,12,17,82.6,,
846,12,17,79.7,,
847,12,17,87.3,17.0,97.2
848,12,17,87.3,,
849,12,17,87.4,,
851,12,17,86.6,,
852,12,17,94.4,13.0,77.6
853,12,17,90.6,,
854,12,17,92.2,,
855,12,17,93.4,,
857,12,17,93.6,16.0,106.0
859,12,17,84.4,,
860,12,17,82.7,,
861,12,17,92.7,10.0,92.1
862,12,17,93.4,57.0,79.1
863,12,17,91.8,,
864,12,17,90.8,,
865,12,17,91.0,-4.0,86.0
867,12,17,82.2,,
869,12,17,90.3,,
870,12,17,83.7,-1.0,102.5
871,12,17,86.1,59.0,73.9
872,12,17,91.9,,
873,12,17,91.2,,
874,12,17,94.5,,
876,12,17,85.7,,
877,12,17,92.9,,
878,12,17,85.8,,
879,12,188,87.6,,
880,12,188,86.8,-22.0,75.7
881,12,188,86.8,,
882,12,188,95.8,,
883,12,188,94.9,,
884,12,188,96.2,,
886,12,188,96.0,62.0,84.0
887,12,188,85.8,,
888,12,188,94.5,,
889,12,17,80.9,,
890,12,17,92.1,-44.0,78.7
891,12,17,91.7,,
892,12,17,79.9,,
893,12,17,85.4,15.0,79.8
895,12,17,82.3,,
896,12,17,89.7,27.0,71.0
898,12,17,83.9,,
899,12,17,73.5,,
900,12,17,87.8,,
901,12,17,97.2,,
904,12,17,88.4,,
905,12,17,83.0,,
906,12,17,96.5,,
907,12,17,96.4,-29.0,68.1
908,12,17,89.0,,
909,12,17,74.9,,
910,12,17,77.1,,
911,12,17,94.3,26.0,96.1
912,12,17,84.1,,
914,12,17,83.5,,
915,12,17,81.2,,
916,12,17,80.0,,
917,12,17,95.7,6.0,95.6
918,12,17,95.6,-8.0,81.7
919,12,17,95.3,28.0,86.2
920,12,17,95.7,,
921,12,17,96.1,,
922,12,17,94.2,,
923,12,17,93.9,-23.0,90.2
925,12,17,93.5,-63.0,63.0
927,12,17,93.5,-28.0,64.7
928,12,17,83.7,,
929,12,17,93.7,19.0,81.6
930,12,17,82.1,,
931,12,17,91.3,37.0,81.1
932,12,17,81.6,,
933,12,17,76.6,,
934,12,17,81.4,6.0,86.3
935,12,17,89.6,22.0,61.8
936,12,17,81.3,,
937,12,17,77.6,,
938,12,17,86.5,,
939,12,17,91.1,,
940,12,17,84.5,,
942,12,17,95.9,,
943,12,17,97.4,,
944,12,17,86.0,26.0,98.3
945,12,17,85.4,-14.0,99.5
946,12,17,87.6,,
947,12,17,95.4,,
948,12,17,93.9,-51.0,69.1
949,12,17,83.4,,
950,12,17,81.7,,
951,12,17,96.0,,
952,12,17,95.1,,
953,12,17,94.3,,
954,12,17,81.1,,
955,12,17,94.2,-21.0,86.9
959,12,17,94.1,-34.0,97.2
960,12,17,80.8,50.0,92.8
961,12,17,93.9,,
962,12,17,78.7,26.0,99.6
963,12,17,78.3,,
964,12,17,90.4,,
965,12,17,92.4,23.0,75.4
966,12,17,89.3,,
968,12,17,89.2,55.0,69.9
969,12,17,78.9,,
970,12,17,92.6,10.0,98.0
971,12,17,97.5,,
972,12,17,83.3,11.0,104.0
973,12,17,97.6,30.0,71.2
974,12,17,83.1,,
975,12,17,96.2,-69.0,73.7
976,12,17,82.4,,
977,12,17,95.3,,
981,12,17,87.3,10.0,94.2
982,12,17,88.8,,
983,12,17,95.0,,
985,12,17,94.2,-26.0,
988,12,17,94.0,,
990,12,17,93.6,,
992,12,17,96.5,23.0,98.2
993,12,17,96.9,,
994,12,17,88.9,,
995,12,17,93.9,28.0,104.9
996,12,17,82.5,,
997,12,17,79.8,-30.0,
998,12,17,87.7,,
999,12,17,80.4,,
1000,12,17,88.5,,
1001,12,17,81.0,,
1003,12,17,85.7,17.0,111.1
1004,12,17,89.8,,
1005,12,17,80.3,,
1006,12,17,81.1,-16.0,68.1
1008,12,17,90.3,42.0,74.6
1009,12,17,80.7,,
1011,12,17,89.5,,
1013,12,17,90.2,-7.0,73.6
1015,12,17,95.5,57.0,84.6
1016,12,17,85.2,7.0,95.1
1017,12,17,96.2,45.0,91.3
1018,12,17,90.2,,
1019,12,17,85.0,,
1020,12,17,90.4,-17.0,103.0
1021,12,17,86.1,,
1022,12,17,85.2,50.0,83.3
1023,12,17,92.1,,
1024,12,17,91.7,29.0,79.9
1029,12,17,97.1,66.0,78.1
1030,12,17,91.3,,
1032,12,17,86.8,3.0,100.0
1033,12,17,92.1,11.0,75.6
1035,12,17,88.3,,
1036,12,17,81.9,-29.0,65.0
1037,12,17,97.6,,
1040,12,17,96.6,-18.0,75.2
1041,12,17,91.6,-5.0,71.8
1042,12,17,89.2,,
1043,12,17,99.4,,
1044,12,17,88.0,20.0,83.9
1045,12,17,95.3,21.0,72.5
1046,12,17,93.0,,
1050,12,17,98.5,,
1054,12,17,88.2,,
1055,11,17,95.0,9.0,100.2
1056,11,17,93.9,38.0,64.2
1057,11,17,93.1,,
1058,11,17,87.6,37.0,100.6
1059,11,17,73.3,,
1060,11,17,83.7,-13.0,61.0
1061,11,17,83.9,,
1062,11,17,91.7,,
1063,11,17,83.8,,
1064,11,17,75.1,,
1065,11,17,95.0,,
1066,11,17,94.9,,
1067,11,17,94.5,,
1069,11,17,95.1,,
1070,11,17,72.8,21.0,83.1
1071,11,17,73.0,-9.0,74.9
1072,11,17,91.2,,
1073,11,17,91.0,,
1074,11,17,91.0,3.0,100.8
1075,11,17,81.8,,
1076,11,17,70.3,,
1077,11,17,74.9,38.0,97.4
1078,11,17,84.2,,
1080,11,17,92.5,54.0,77.0
1081,11,17,85.2,18.0,98.9
1082,11,17,89.9,,
1083,11,17,80.5,,
1084,11,17,85.6,,
1085,11,17,88.8,,
1086,11,17,93.5,22.0,101.7
1087,11,17,81.0,-10.0,83.5
1088,11,17,95.1,43.0,69.2
1089,11,17,94.4,,
1091,11,17,93.8,,
1092,11,17,85.0,,
1093,11,17,87.8,-44.0,80.6
1094,11,17,87.7,,
1095,11,17,91.6,-22.0,67.4
1096,11,17,92.7,18.0,102.3
1098,11,17,88.2,46.0,85.2
1099,11,17,83.4,33.0,89.4
1100,11,17,85.9,,
1101,11,14,96.5,13.0,58.0
1102,11,14,96.5,,
1103,11,17,82.1,,
1104,11,17,92.3,,
1105,11,17,89.7,-31.0,89.0
1106,11,17,92.6,,
1107,11,17,82.7,-8.0,85.4
1108,11,17,90.9,,
1109,11,17,83.1,20.0,100.9
1110,11,17,92.1,,
1111,11,17,83.7,,
1112,11,17,89.4,-16.0,72.3
1113,11,17,90.4,,
1115,11,17,89.6,-1.0,99.5
1116,11,17,89.4,,
1117,11,17,84.9,,
1118,11,17,74.9,,
1119,11,17,82.3,,
1120,11,17,81.0,28.0,63.7
1121,11,17,79.5,,
1122,11,17,81.3,33.0,100.5
1123,11,17,78.8,-19.0,97.0
1124,11,17,90.5,51.0,73.3
1125,11,17,86.6,,
1126,11,17,89.4,47.0,81.2
1127,11,188,94.3,-49.0,69.4
1128,11,188,96.4,-16.0,98.5
1129,11,188,95.1,,
1130,11,188,87.1,,
1131,11,188,94.0,,
1132,11,17,92.4,32.0,102.8
1133,11,17,92.9,73.0,80.7
1134,11,17,93.0,,
1135,11,188,95.9,-41.0,75.2
1136,11,188,95.8,,
1137,11,17,97.3,43.0,88.3
1138,11,17,94.0,,
1139,11,17,82.7,51.0,48.8
1141,11,17,93.6,30.0,103.8
1143,11,17,93.0,29.0,107.0
1144,11,17,88.4,,
1145,11,17,93.2,,
1146,11,17,88.7,,
1147,11,17,88.8,15.0,97.4
1150,11,17,95.7,,
1151,11,17,98.2,-15.0,80.1
1152,11,17,96.7,,
1153,11,17,82.5,,
1154,11,17,94.8,,
1155,11,17,80.3,-17.0,93.9
1156,11,17,94.2,,
1157,11,17,81.1,,
1158,11,17,79.2,,
1159,11,17,92.6,18.0,82.9
1160,11,17,92.5,,
1161,11,17,93.9,,
1162,11,17,77.9,,
1163,11,17,90.9,14.0,95.6
1164,11,17,90.6,-9.0,78.1
1165,11,17,90.1,59.0,66.2
1166,11,17,90.3,-32.0,22.2
1167,11,17,80.2,,
1168,11,17,86.1,65.0,91.5
1169,11,17,98.6,,
1170,11,17,76.1,,
1171,11,17,98.6,62.0,69.0
1172,11,17,87.5,,
1173,11,17,78.0,,
1174,11,17,88.3,36.0,64.3
1175,11,17,97.4,80.0,71.5
1176,11,17,97.9,,
1177,11,17,98.3,,
1179,11,17,98.4,,
1181,11,17,83.7,-26.0,72.3
1183,11,17,90.7,2.0,84.2
1185,11,17,90.3,-38.0,67.3
1186,11,17,92.9,18.0,100.1
1188,11,17,88.3,,
1189,11,17,95.5,43.0,79.0
1190,11,17,81.9,,
1191,11,17,94.7,-34.0,85.0
1193,11,17,82.9,,
1195,11,17,92.2,,
1198,11,17,95.1,1.0,98.6
1200,11,17,95.8,,
1201,11,17,87.0,58.0,78.4
1202,11,17,94.4,36.0,87.8
1204,11,17,85.6,24.0,43.4
1205,11,17,88.8,-38.0,68.7
1206,11,17,90.0,,
1207,11,17,80.7,29.0,101.8
1208,11,17,95.7,73.0,71.0
1209,11,17,92.8,52.0,77.5
1210,11,17,89.7,,
1211,11,17,95.1,53.0,86.1
1212,11,17,95.0,46.0,76.2
1213,11,17,92.3,9.0,101.5
1214,11,17,93.5,,
1218,11,17,97.3,24.0,100.9
1220,11,17,97.0,,
1221,11,17,95.6,6.0,99.1
1224,11,17,93.4,13.0,108.8
1225,11,17,93.7,,
1227,11,17,93.6,,
1229,11,17,83.3,-46.0,66.0
1230,11,17,96.0,-33.0,86.1
1231,11,17,95.4,-25.0,57.0
1232,11,17,81.6,,
1234,11,17,83.2,11.0,76.4
1235,11,17,88.7,59.0,48.0
1236,11,17,94.3,59.0,76.3
1237,11,17,84.8,,
1238,11,17,78.4,,
1240,11,17,88.4,49.0,82.0
1242,11,17,88.0,,
1244,11,17,96.1,,
1246,11,17,89.8,,
1247,11,17,87.2,16.0,108.0
1249,11,17,86.9,,
1251,11,17,85.0,12.0,99.4
1252,11,17,87.6,-19.0,89.9
1253,11,17,81.0,45.0,92.6
1254,11,17,87.1,,
1255,11,17,88.8,-37.0,82.7
1256,11,17,83.4,,
1257,11,17,85.2,,
1258,11,17,95.2,,
1259,11,17,90.7,,
1260,11,17,89.1,-36.0,71.5
1262,11,17,87.4,,
1265,11,17,80.8,57.0,93.1
1267,11,17,86.3,,
1268,11,17,89.1,,
1269,11,17,96.3,65.0,91.1
1272,11,17,95.9,,
1275,11,17,91.6,,
1278,11,17,92.4,,
1283,11,17,96.3,3.0,106.7
1284,11,17,97.2,,
1285,11,17,96.4,5.0,94.1
1287,11,17,82.0,,
1288,11,17,96.9,,
1289,11,17,87.3,,
1291,11,17,91.8,,
1292,11,17,82.7,,
1294,11,17,80.5,10.0,103.1
1297,11,17,81.7,22.0,82.3
1298,11,17,91.4,,
1299,11,17,81.4,,
1301,11,17,97.1,,
1302,3,17,88.0,,
1303,3,17,96.9,,
1304,3,17,90.0,,
1305,3,17,96.1,67.0,67.4
1306,3,17,97.1,,
1307,3,17,97.4,,
1308,3,17,96.4,32.0,73.9
1309,3,17,81.6,3.0,89.4
1310,3,17,91.6,,
1311,3,17,78.1,,
1312,3,17,96.8,,
1313,3,17,89.2,,
1314,3,17,89.0,,
1315,3,17,93.7,,
1316,3,17,96.4,,
1317,3,17,88.6,,
1318,3,17,87.5,,
1319,3,17,93.4,,
1320,3,17,96.7,,
1321,3,17,89.4,,
1322,3,17,92.5,,
1324,3,17,85.0,,
1325,3,17,85.7,,
1326,3,17,84.7,32.0,72.2
1327,3,17,84.8,,
1328,3,17,96.0,21.0,99.6
1329,3,17,96.5,52.0,72.5
1330,3,17,87.4,,
1331,3,17,97.3,69.0,83.8
1332,3,17,96.3,,
1333,3,17,97.6,,
1334,3,17,94.0,-19.0,94.8
1335,3,17,80.6,11.0,85.6
1336,3,17,90.6,43.0,64.9
1337,3,17,90.8,-14.0,73.3
1338,3,17,90.1,-37.0,68.3
1339,3,17,80.5,38.0,54.0
1340,3,17,90.6,,
1341,3,17,81.0,,
1342,3,17,90.9,61.0,61.6
1343,3,17,91.2,,
1344,3,17,91.0,,
1345,3,17,93.8,53.0,84.1
1347,3,17,85.3,-51.0,25.2
1349,3,17,93.1,,
1350,3,17,88.8,,
1351,3,17,91.9,-67.0,
1352,3,17,91.1,,
1353,3,17,90.9,,
1354,3,17,89.8,1.0,96.6
1355,3,17,88.5,-36.0,52.4
1356,3,17,87.6,,
1357,3,17,88.4,,
1358,3,17,85.1,11.0,103.6
1360,3,17,92.5,13.0,104.4
1361,3,17,84.3,,
1363,3,17,91.8,,
1364,3,17,81.5,7.0,101.1
1365,3,17,88.5,,
1367,3,17,95.0,21.0,86.5
1368,3,17,77.6,,
1369,3,17,79.1,,
1370,3,17,95.5,46.0,71.8
1371,3,17,94.6,,
1372,3,17,76.1,,
1373,3,17,80.8,,
1374,3,17,94.7,,
1375,3,17,92.9,,
1376,3,17,94.3,,
1377,3,17,79.2,-23.0,44.0
1378,3,17,87.7,,
1379,3,17,93.9,,
1380,3,17,81.9,,
1381,3,17,92.3,33.0,69.9
1382,3,17,77.8,57.0,70.0
1383,3,17,94.5,,
1384,3,17,94.4,12.0,77.3
1386,3,17,95.4,,
1387,3,17,82.3,,
1388,3,17,95.0,,
1389,3,17,78.2,,
1390,3,17,93.3,,
1391,3,17,79.2,,
1392,3,17,81.2,,
1393,3,17,94.2,,
1394,3,17,95.8,,
1395,3,17,92.6,,
1396,3,17,81.5,,
1397,3,17,96.5,69.0,74.1
1398,3,17,95.7,15.0,77.8
1400,3,17,93.3,0.0,96.5
1402,3,17,76.2,,
1403,3,17,88.9,,
1405,3,17,91.3,20.0,106.4
1407,3,17,91.4,,
1408,3,17,98.5,,
1409,3,17,94.0,11.0,107.7
1411,3,17,91.8,23.0,60.8
1412,3,17,86.7,,
1413,3,17,85.5,,
1414,3,17,82.7,9.0,100.2
1416,3,17,87.3,,
1417,3,17,86.0,,
1418,3,17,87.0,,
1419,3,17,88.1,-41.0,65.5
1420,3,17,71.6,27.0,91.7
1421,3,17,89.1,-27.0,86.4
1422,3,17,91.7,22.0,73.0
1423,3,17,85.6,,
1424,3,17,90.3,,
1425,3,17,97.0,22.0,100.4
1426,3,17,95.5,,
1429,3,17,82.7,,
1430,3,17,90.0,54.0,66.0
1431,3,17,90.6,56.0,75.4
1432,3,17,83.2,,
1433,3,17,89.9,-17.0,92.1
1434,3,17,82.5,,
1435,3,17,90.2,20.0,73.9
1437,3,17,88.1,-8.0,101.5
1439,3,17,92.7,,
1443,3,17,95.7,35.0,77.6
1444,3,17,80.1,-27.0,106.3
1445,3,17,94.1,,
1446,3,17,94.8,,
1447,3,17,79.6,,
1448,3,17,82.4,33.0,89.8
1449,3,17,95.2,,
1450,3,17,90.8,23.0,88.9
1451,3,17,91.3,,
1453,3,17,92.6,16.0,105.9
1454,3,17,80.2,,
1455,3,17,85.9,-6.0,77.7
1456,3,17,83.7,73.0,84.8
1457,3,17,91.5,,
1458,3,17,86.2,-48.0,93.3
1459,3,17,81.1,,
1460,3,17,94.3,3.0,85.5
1461,3,17,96.5,,
1462,3,17,96.0,,
1464,3,17,95.7,40.0,70.3
1465,3,17,82.6,,
1466,3,17,95.7,46.0,88.6
1467,3,17,74.1,48.0,88.7
1468,3,17,80.0,,
1470,3,17,87.6,37.0,68.2
1471,3,17,95.9,,
1472,3,17,82.8,,
1473,3,17,92.7,-9.0,88.9
1474,3,17,78.6,34.0,98.8
1475,3,17,79.9,,
1476,16,17,90.7,,
1477,16,17,89.9,,
1478,16,17,94.5,,
1479,16,17,82.7,,
1480,16,17,91.5,,
1481,16,17,84.6,,
1482,16,17,85.5,-28.0,89.6
1483,16,17,84.8,-43.0,72.7
1484,16,17,88.9,,
1485,16,17,92.2,,
1486,16,17,91.3,,
1487,16,17,77.3,,
1489,16,17,93.4,,
1490,16,17,96.9,,
1491,16,17,92.0,,
1492,16,17,79.9,14.0,105.1
1493,16,17,92.8,,
1494,16,17,81.0,,
1495,16,17,93.8,,
1496,16,17,86.1,,
1497,16,17,79.9,60.0,62.0
1498,16,17,81.1,,
1499,16,17,92.7,15.0,77.9
1500,16,17,84.0,,
1501,16,17,93.5,,
1502,16,17,92.5,20.0,77.1
1503,16,17,82.9,,
1504,16,17,79.6,-46.0,87.3
1505,16,17,87.1,,
1507,16,17,93.1,68.0,82.8
1508,16,17,93.7,,
1509,16,17,94.6,14.0,102.0
1510,16,17,87.4,10.0,71.0
1511,16,17,76.7,,
1512,16,17,92.5,,
1513,16,17,87.3,-9.0,97.6
1514,16,17,75.8,,
1515,16,10,92.4,21.0,105.9
1516,16,10,82.1,,
1517,16,10,91.0,-42.0,80.9
1518,16,17,82.5,30.0,107.8
1519,16,10,91.4,-33.0,72.1
1520,16,17,92.9,,
1521,16,10,78.7,,
1522,16,17,95.1,54.0,102.6
1524,16,17,87.0,,
1525,16,17,80.4,,
1526,16,17,92.3,,
1527,16,17,90.6,56.0,67.7
1528,16,17,89.8,,
1529,16,17,90.9,,
1530,16,17,90.6,,
1531,16,17,90.3,,
1532,16,17,93.0,,
1533,16,17,86.4,,
1534,16,17,85.3,,
1535,16,17,93.1,,
1536,16,17,81.6,43.0,95.2
1537,16,17,80.8,-2.0,80.7
1538,16,17,80.7,,
1539,16,17,93.0,42.0,80.6
1540,16,17,98.3,84.0,62.2
1541,16,17,84.7,,
1542,16,17,96.5,74.0,72.8
1543,16,17,97.8,,
1544,16,17,98.0,,
1545,16,17,87.5,28.0,93.3
1546,16,17,86.6,15.0,71.3
1547,16,17,93.7,25.0,104.4
1548,16,17,82.6,37.0,63.5
1549,16,17,96.3,-15.0,104.4
1550,16,17,95.5,,
1552,16,17,89.2,,
1553,16,17,95.4,,
1554,16,17,92.1,54.0,93.7
1555,16,17,83.6,,
1556,16,17,87.9,,
1557,16,17,84.2,,
1559,16,17,84.8,,
1560,16,17,84.1,,
1561,16,17,86.3,,
1562,16,17,86.4,12.0,99.8
1563,16,17,74.9,24.0,76.2
1564,16,17,94.9,32.0,72.1
1565,16,17,83.9,-42.0,98.9
1567,16,17,93.0,29.0,101.7
1568,16,17,83.0,40.0,93.2
1569,16,17,82.6,-54.0,51.9
1570,16,17,91.9,,
1571,16,17,92.7,47.0,94.7
1572,16,17,93.0,14.0,80.2
1573,16,17,79.4,,
1574,16,17,79.0,,
1575,16,17,92.3,8.0,92.9
1576,16,17,91.2,,
1578,16,17,86.6,24.0,79.3
1579,16,17,88.2,25.0,114.0
1581,16,17,71.8,,
1582,16,17,94.3,,
1583,16,17,94.6,,
1586,16,17,89.4,,
1587,16,17,78.3,17.0,86.9
1588,16,17,94.2,,
1589,16,17,68.5,,
1590,16,17,79.4,49.0,100.5
1592,16,17,88.1,29.0,86.4
1593,16,17,90.9,43.0,85.5
1595,16,17,86.1,-21.0,94.8
1597,16,17,90.0,,
1600,16,17,93.9,,
1601,16,17,95.2,,
1602,16,17,79.3,-31.0,90.4
1603,16,17,88.1,,
1604,16,17,86.0,,
1605,16,17,93.3,,
1606,16,17,94.0,6.0,111.2
1608,16,17,89.1,16.0,114.0
1609,16,17,81.3,,
1610,16,17,88.8,,
1611,16,17,88.4,,
1612,16,17,81.8,25.0,103.6
1614,16,17,82.0,,
1616,16,17,81.7,22.0,99.9
1617,16,17,83.9,,
1619,16,17,91.1,,
1620,16,17,82.9,26.0,105.7
1624,16,17,86.1,-8.0,77.4
1625,16,17,77.8,76.0,79.1
1626,16,17,77.7,,
1627,16,17,77.8,,
1628,16,17,78.4,,
1629,16,17,86.6,,
1630,16,17,83.3,,
1631,16,17,97.6,,
1632,16,17,89.1,,
1633,16,17,96.8,,
1634,16,17,96.1,25.0,77.5
1635,16,17,80.5,,
1636,16,17,90.4,-28.0,96.5
1638,16,17,95.0,,
1639,16,17,90.8,,
1640,16,17,89.7,,
1641,16,17,88.1,-58.0,54.2
1642,16,17,77.6,,
1643,16,17,82.6,,
1644,16,17,82.2,,
1645,16,17,85.3,55.0,82.7
1646,16,17,87.4,,
1647,16,17,81.7,,
1648,16,17,85.2,,
1650,16,17,81.4,,
1651,16,17,83.2,,
1653,16,17,90.9,77.0,79.5
1654,16,17,83.4,,
1655,16,17,89.6,,
1656,16,17,88.6,,
1657,16,17,87.6,,
1658,16,17,78.6,,
1659,16,17,81.7,43.0,98.7
1660,16,17,80.0,,
1662,16,17,84.0,-13.0,66.5
1663,16,17,83.5,,
1664,16,17,76.3,,
1665,16,17,83.1,,
1667,16,17,77.0,80.0,81.8
1668,16,17,77.4,,
1669,16,17,78.1,,
1670,16,17,77.0,,
1673,16,17,44.7,24.0,104.2
1674,16,17,78.7,16.0,104.6
1675,16,17,47.7,,
1676,16,17,90.1,,
1677,16,17,79.1,,
1678,16,17,74.2,,
1679,16,17,92.8,60.0,60.2
1680,16,17,92.6,,
1682,16,17,91.7,,
1683,16,17,91.8,-41.0,95.1
1685,16,17,91.5,-10.0,78.5
1686,16,17,81.8,,
1688,16,17,91.6,,
1692,16,17,75.3,-27.0,63.4
1693,16,17,82.4,,
1694,16,17,85.9,-7.0,82.4
1696,16,17,92.8,-14.0,82.0
1697,16,17,86.5,,
1699,16,17,93.2,36.0,48.7
1701,16,17,81.6,9.0,99.1
1705,16,17,88.3,,
1707,16,17,88.9,58.0,72.1
1708,16,17,83.8,,
1710,16,17,92.1,,
1712,16,17,84.1,-20.0,71.3
1713,16,17,89.8,-50.0,59.9
1714,16,17,93.2,,
1716,16,17,93.9,-14.0,99.3
1717,16,17,78.8,,
1718,16,17,84.0,64.0,74.8
1721,16,17,90.1,-31.0,62.4
1722,16,17,91.0,-9.0,98.3
1726,16,17,79.3,,
1727,16,17,94.8,59.0,67.7
1728,16,17,86.7,,
1729,16,17,87.2,,
1730,16,17,92.4,21.0,72.9
1732,16,17,95.8,-6.0,107.2
1733,16,17,96.0,,
1734,17,188,83.8,3.0,106.8
1735,17,188,84.6,,
1736,17,188,84.4,-25.0,33.7
1737,17,188,92.5,,
1738,17,188,95.2,,
1739,17,188,82.6,,
1740,17,188,93.4,8.0,98.1
1741,17,188,87.8,12.0,67.6
1742,17,188,93.2,,
1743,17,188,88.6,,
1744,17,188,85.6,-41.0,71.0
1745,17,188,95.4,,
1746,17,188,85.5,,
1747,17,188,95.9,,
1748,17,188,87.5,,
1749,17,188,94.0,,
1750,17,188,84.5,5.0,76.1
1751,17,188,84.9,41.0,92.4
1752,17,188,94.2,53.0,71.5
1753,17,188,95.6,,
1754,17,188,88.4,39.0,101.3
1755,17,188,87.1,,
1756,17,188,85.6,,
1757,17,188,86.0,,
1758,17,188,94.4,,
1760,17,188,95.3,-16.0,101.9
1761,17,188,83.7,,
1762,17,188,84.3,-38.0,100.4
1763,17,188,84.1,,
1764,17,188,85.0,,
1765,17,188,96.6,12.0,105.3
1766,17,188,89.0,,
1767,17,188,96.6,,
1768,17,188,86.3,42.0,92.8
1769,17,188,96.2,,
1770,17,188,89.6,,
1771,17,188,88.5,,
1772,17,188,94.5,,
1773,17,188,85.0,47.0,76.9
1774,17,188,95.5,,
1775,17,188,95.3,,
1776,17,188,94.6,11.0,105.6
1777,17,188,85.8,,
1779,17,188,96.5,,
1781,17,188,95.9,49.0,79.6
1782,17,188,89.4,,
1783,17,188,95.8,,
1784,17,188,97.3,,
1786,17,188,96.0,,
1788,17,188,85.1,-17.0,75.5
1789,17,188,88.7,53.0,83.9
1792,17,188,88.3,,
1795,17,188,86.7,-27.0,100.5
1796,17,188,96.4,,
1798,17,188,86.6,,
1799,17,188,94.3,-17.0,94.8
1801,17,188,83.2,,
1802,17,188,94.7,,
1803,17,188,94.0,-25.0,101.8
1804,17,188,85.3,,
1805,17,188,86.3,,
1807,17,188,94.9,43.0,70.4
1809,17,188,96.7,,
1810,17,188,86.3,23.0,71.6
1812,17,188,96.3,44.0,77.2
1813,17,188,86.5,,
1814,17,188,85.4,48.0,95.4
1815,17,188,93.6,,
1816,17,188,86.9,,
1817,17,188,96.9,10.0,77.6
1818,17,188,89.7,-3.0,102.8
1821,17,188,88.7,-30.0,78.1
1822,17,188,96.0,28.0,75.0
1824,17,188,95.0,,
1825,17,188,86.8,,
1826,17,188,85.1,,
1829,17,188,94.9,50.0,87.8
1830,17,188,93.5,83.0,80.6
1831,17,188,86.5,-19.0,77.0
1832,17,188,86.2,,
1833,17,188,94.3,36.0,82.3
1834,17,188,85.9,,
1835,17,188,84.7,-20.0,74.2
1836,17,188,83.9,,
1837,17,188,93.1,60.0,62.2
1840,17,188,92.0,13.0,102.5
1841,17,188,84.9,,
1842,17,188,93.5,-25.0,68.8
1843,17,188,85.7,,
1844,17,188,95.1,13.0,104.8
1845,17,188,96.9,43.0,76.4
1848,17,188,92.9,,
1849,17,188,93.5,,
1850,17,188,93.1,,
1852,17,188,95.0,16.0,80.3
1853,17,188,94.7,59.0,81.5
1855,17,188,87.5,-43.0,67.5
1856,17,188,88.2,,
1857,17,188,85.4,-13.0,46.9
1859,17,188,96.8,,
1860,17,188,87.2,,
1867,17,188,87.1,36.0,61.1
1868,17,188,87.3,74.0,76.0
1869,17,188,87.8,,
1870,17,188,96.2,51.0,72.9
1871,17,188,87.7,,
1872,17,188,89.9,,
1873,17,188,85.6,18.0,90.9
1875,17,188,88.1,,
1881,17,188,96.9,-13.0,96.8
1886,17,188,89.7,,
1887,17,188,89.1,,
1888,17,188,96.0,43.0,95.0
1892,17,188,87.6,,
1893,17,188,95.4,57.0,76.7
1896,17,188,95.7,-47.0,61.4
1902,17,188,96.5,-11.0,94.8
1903,17,188,87.5,58.0,64.5
1906,17,188,87.2,8.0,99.3
1909,17,188,97.4,,
1914,17,188,83.4,,
1915,17,188,84.7,,
1916,17,188,85.3,-39.0,35.6
1917,17,188,84.5,,
1918,17,188,84.1,-39.0,86.9
1919,17,188,84.4,,
1920,17,188,93.9,-8.0,70.6
1921,17,188,94.1,6.0,69.8
1922,17,188,84.0,36.0,64.0
1925,17,188,86.0,44.0,73.2
1926,17,188,96.7,37.0,75.7
1928,17,188,86.4,,
1933,17,188,95.5,5.0,74.6
1934,17,188,90.0,15.0,89.6
1935,17,188,96.5,-26.0,73.6
1937,17,188,87.4,67.0,63.9
1938,17,188,96.1,43.0,74.3
1939,17,188,96.1,,
1940,17,188,86.0,-6.0,83.0
1941,17,188,86.3,6.0,98.4
1943,17,188,89.5,,
1944,17,188,95.1,,
1947,17,188,97.1,,
1950,17,188,87.4,,
1951,17,188,97.6,,
1952,17,188,87.1,-3.0,68.1
1955,17,188,87.1,-17.0,100.9
1956,17,188,96.6,0.0,102.7
1959,17,188,88.0,24.0,108.3
1960,17,188,93.9,,
1961,17,188,84.7,21.0,86.1
1964,17,188,88.4,52.0,77.1
1966,17,188,86.7,,
1969,17,188,87.5,74.0,91.8
1972,17,188,86.7,6.0,95.9
1973,17,188,97.4,32.0,82.2
1974,17,188,86.5,19.0,69.1
1975,17,188,88.3,64.0,75.9
1977,17,188,86.8,40.0,98.4
1980,17,188,86.2,68.0,82.2
1983,17,188,95.7,,
1984,17,188,86.9,8.0,77.8
1985,17,188,94.7,5.0,109.8
1986,17,188,94.8,,
1987,17,188,95.8,62.0,82.1
1990,17,188,87.3,,
1995,17,188,94.6,23.0,95.1
1996,17,188,86.1,,
1997,17,188,86.8,-42.0,66.4
1998,17,188,95.8,36.0,65.8
2001,17,188,95.6,21.0,73.8
2002,17,188,87.0,,
2007,17,188,87.3,-42.0,66.1
2008,17,188,87.7,-35.0,62.9
2009,17,188,96.1,21.0,75.7
2011,17,188,89.8,-28.0,85.0
2012,17,188,85.3,-7.0,92.5
2014,17,188,94.7,-40.0,27.4
2018,17,188,85.6,-42.0,61.3
2023,17,188,86.5,42.0,76.0
2025,17,188,87.9,,
2026,17,188,94.2,,
2027,17,188,95.2,-18.0,82.6
2028,17,188,84.9,-31.0,52.3
2032,17,188,94.9,3.0,91.6
2033,17,188,95.5,19.0,86.8
2036,17,188,86.0,1.0,90.8
2037,17,188,86.9,-23.0,71.3
2038,17,188,96.1,57.0,79.0
2040,17,188,94.6,,
2041,17,188,84.3,,
2042,17,188,96.3,12.0,100.1
2044,17,188,94.9,59.0,83.6
2045,17,188,95.8,3.0,110.4
2046,17,188,83.8,,
2048,17,188,89.3,,
2052,17,188,90.7,,
2054,17,188,97.0,18.0,106.2
2060,17,188,96.3,24.0,92.5
2062,17,188,96.9,,
2064,17,188,96.3,-9.0,90.4
2065,17,188,96.3,,
2070,17,188,95.7,47.0,90.4
2071,17,188,96.6,24.0,74.2
2073,17,188,97.2,,
2075,17,188,96.1,53.0,81.7
2077,17,188,86.5,30.0,102.8
2079,17,188,87.3,52.0,96.4
2082,17,188,96.3,49.0,98.1
2083,17,188,97.2,25.0,77.4
2086,17,188,85.2,,
2087,17,188,97.3,25.0,106.9
2089,17,188,88.4,20.0,104.0
2091,17,188,97.0,,
2094,17,5,85.5,,
2095,17,5,92.6,,
2096,17,5,87.4,,
2097,17,5,85.6,,
2098,17,5,87.9,-55.0,60.3
2099,17,5,75.5,-13.0,82.8
2100,17,5,94.4,,
2101,17,5,97.0,,
2102,17,5,77.0,,
2103,17,5,88.0,,
2104,17,5,87.5,,
2105,17,5,85.4,,
2106,17,5,93.1,,
2107,17,5,73.6,,
2108,17,5,73.9,,
2109,17,5,85.7,4.0,94.7
2110,17,5,75.3,,
2112,17,5,88.2,,
2113,17,5,96.8,,
2114,17,5,96.1,-13.0,70.7
2115,17,5,93.0,28.0,55.1
2116,17,5,76.9,,
2117,17,5,77.3,,
2118,17,5,93.2,42.0,64.5
2119,17,5,73.8,,
2120,17,5,88.8,-36.0,70.2
2121,17,5,83.5,15.0,98.4
2122,17,5,83.5,,
2123,17,5,89.9,33.0,100.9
2124,17,5,95.1,,
2125,17,5,95.5,,
2126,17,5,88.4,,
2127,17,5,91.6,,
2128,17,5,86.9,14.0,72.5
2129,17,5,89.4,,
2130,17,5,95.1,-24.0,83.3
2131,17,5,86.5,-49.0,20.9
2132,17,5,77.5,,
2133,17,5,97.2,-15.0,77.1
2134,17,5,93.8,,
2135,17,5,94.9,,
2136,17,5,95.4,,
2137,17,5,94.8,-10.0,64.3
2138,17,5,89.6,,
2139,17,5,87.0,,
2141,17,5,95.5,-5.0,93.9
2142,17,5,96.0,37.0,65.8
2143,17,5,93.8,-30.0,82.3
2144,17,5,90.4,28.0,81.5
2145,17,5,94.5,21.0,101.2
2146,17,5,75.4,,
2147,17,5,87.8,,
2148,17,5,88.7,,
2149,17,5,88.6,,
2150,17,5,97.1,24.0,77.0
2151,17,5,96.4,27.0,71.5
2152,17,5,78.4,-21.0,78.0
2154,17,5,86.7,,
2155,17,5,84.7,,
2156,17,5,86.8,,
2157,17,5,89.3,35.0,95.3
2159,17,5,74.6,,
2160,17,5,93.7,-3.0,62.6
2161,17,5,94.1,-6.0,80.9
2162,17,5,71.2,,
2163,17,5,72.5,,
2165,17,5,74.1,,
2167,17,5,84.6,,
2168,17,5,94.7,2.0,87.9
2169,17,5,86.1,29.0,85.3
2170,17,5,76.2,,
2172,17,5,94.8,,
2173,17,5,88.3,,
2178,17,5,96.3,,
2180,17,5,96.1,,
2181,17,5,89.9,,
2182,17,5,96.4,,
2183,17,5,87.8,-4.0,64.3
2184,17,5,92.5,16.0,97.6
2186,17,5,93.9,,
2187,17,5,75.3,15.0,95.1
2188,17,5,85.7,,
2190,17,5,73.9,23.0,67.2
2191,17,5,85.3,,
2192,17,5,92.9,2.0,91.9
2193,17,5,72.3,,
2194,17,5,93.0,,
2195,17,5,90.1,,
2197,17,5,94.3,-45.0,96.4
2198,17,5,95.3,,
2200,17,5,75.7,,
2201,17,5,96.9,,
2202,17,5,95.4,-10.0,101.4
2203,17,5,94.3,24.0,76.7
2204,17,5,94.1,,
2205,17,5,82.5,,
2206,17,5,94.2,,
2207,17,5,73.7,,
2209,17,5,94.2,-53.0,37.9
2210,17,5,96.6,,
2211,17,5,85.2,49.0,69.6
2212,17,5,82.6,,
2214,17,5,93.1,70.0,71.6
2215,17,5,74.7,,
2216,17,5,78.1,,
2217,17,5,94.2,-79.0,66.5
2219,17,5,83.6,,
2220,17,5,85.9,,
2221,17,5,96.0,,
2222,17,5,84.3,,
2223,17,5,82.3,,
2224,17,5,73.4,,
2225,17,5,95.2,12.0,101.1
2226,17,5,87.5,38.0,54.7
2227,17,5,95.3,31.0,68.0
2228,17,5,94.6,8.0,76.1
2229,17,5,93.5,,
2230,17,5,95.4,-11.0,85.0
2231,17,5,90.2,1.0,75.8
2232,17,5,96.5,-5.0,90.3
2234,17,5,78.2,,
2236,17,5,94.7,,
2237,17,5,90.4,7.0,90.3
2238,17,5,92.9,,
2239,17,5,87.7,,
2240,17,5,91.8,,
2241,17,5,81.3,,
2242,17,5,93.7,-16.0,89.0
2243,17,5,80.7,2.0,95.2
2244,17,5,87.1,,
2245,17,5,87.9,,
2248,17,5,79.5,-4.0,92.6
2249,17,5,86.1,,
2250,17,5,84.5,45.0,68.5
2251,17,5,83.1,,
2252,17,5,94.5,6.0,102.8
2253,17,5,75.2,-14.0,96.8
2256,17,5,76.8,,
2257,17,5,78.2,0.0,83.3
2258,17,5,94.7,-34.0,83.4
2259,17,5,96.7,,
2261,17,5,94.6,15.0,107.8
2262,17,5,95.0,-3.0,86.5
2263,17,5,83.1,-1.0,95.8
2264,17,5,92.3,,
2265,17,5,84.1,32.0,69.7
2266,17,5,93.4,,
2267,17,5,95.9,-12.0,99.0
2268,17,5,74.2,-54.0,71.1
2269,17,5,80.6,,
2271,17,5,93.5,20.0,89.6
2272,17,5,85.9,0.0,81.3
2273,17,5,87.3,,
2274,17,5,96.1,0.0,54.0
2275,17,5,91.2,26.0,76.3
2276,17,5,91.3,,
2277,17,5,92.9,33.0,99.9
2278,17,5,94.3,73.0,67.6
2279,17,5,94.1,49.0,86.2
2280,17,5,74.5,28.0,91.7
2281,17,5,75.2,,
2282,17,5,83.7,,
2283,17,5,92.2,,
2284,17,5,82.2,,
2285,17,5,72.1,,
2286,17,5,86.3,-29.0,60.2
2287,17,5,74.5,-25.0,74.3
2289,17,5,95.5,34.0,54.1
2290,17,5,74.0,,
2292,17,5,95.1,-20.0,93.0
2293,17,5,76.3,,
2295,17,5,72.6,,
2297,17,5,92.7,-9.0,103.6
2299,17,5,81.2,,
2300,17,5,74.3,7.0,89.5
2302,17,5,73.7,16.0,97.7
2303,17,5,74.9,,
2304,17,5,94.3,10.0,104.2
2305,17,5,95.0,,
2306,17,5,90.6,,
2309,17,5,77.2,,
2310,17,5,95.9,,
2313,17,5,95.2,16.0,86.0
2314,17,5,96.2,21.0,67.1
2315,17,5,95.6,27.0,65.2
2318,17,5,74.5,,
2319,17,5,74.3,,
2320,17,5,97.0,39.0,89.2
2321,17,5,96.0,8.0,64.6
2323,17,5,89.4,19.0,100.8
2325,17,5,95.8,65.0,69.1
2327,17,5,97.2,,
2328,17,5,90.0,8.0,98.2
2329,17,5,77.4,,
2333,17,5,97.1,,
2334,17,5,90.2,,
2336,17,5,96.5,36.0,80.7
2338,17,5,95.6,-42.0,55.3
2340,17,5,95.6,,
2341,17,5,78.8,,
2342,17,5,98.0,46.0,64.2
2343,17,5,89.0,,
2344,17,5,76.4,,
2346,17,5,97.5,,
2347,17,5,97.7,,
2348,17,5,95.8,,
2349,17,1,86.4,-39.0,64.0
2350,17,1,78.2,,
2351,17,1,90.5,,
2352,17,1,87.5,0.0,101.8
2353,17,1,87.1,,
2354,17,1,87.2,20.0,106.8
2355,17,1,90.1,,
2356,17,1,76.8,,
2357,17,1,84.8,77.0,74.1
2358,17,1,90.5,63.0,74.9
2359,17,1,78.8,,
2360,17,1,91.0,,
2361,17,1,86.6,,
2362,17,1,86.1,,
2363,17,1,86.2,,
2364,17,1,89.6,,
2365,17,1,89.9,,
2366,17,1,87.7,21.0,98.1
2367,17,1,88.9,63.0,73.9
2368,17,1,79.3,,
2369,17,1,87.0,,
2370,17,1,77.8,,
2371,17,1,87.2,65.0,73.1
2372,17,1,90.6,72.0,70.5
2373,17,1,88.7,,
2374,17,1,89.5,,
2375,17,1,87.0,35.0,87.5
2376,17,1,86.6,48.0,79.5
2377,17,1,87.9,-8.0,75.9
2378,17,1,88.0,26.0,62.6
2379,17,1,87.5,,
2380,17,1,88.3,,
2381,17,1,88.8,,
2383,17,1,86.9,,
2384,17,1,87.9,,
2385,17,1,83.4,,
2386,17,1,72.8,,
2387,17,1,86.8,,
2388,17,1,87.1,29.0,114.6
2389,17,1,89.7,,
2392,17,1,87.7,,
2393,17,1,87.3,,
2394,17,1,87.0,65.0,80.0
2395,17,1,91.9,,
2396,17,1,85.3,,
2397,17,1,77.6,-53.0,29.3
2398,17,1,86.3,34.0,66.8
2399,17,1,90.6,,
2401,17,1,87.6,,
2402,17,1,87.1,-80.0,47.0
2403,17,1,77.1,,
2404,17,1,87.8,,
2405,17,1,90.6,68.0,72.9
2406,17,1,87.5,40.0,68.5
2407,17,1,75.5,,
2408,17,1,87.9,39.0,65.2
2410,17,1,76.6,,
2411,17,1,87.1,30.0,96.0
2413,17,1,88.3,-27.0,62.4
2414,17,1,88.4,,
2415,17,1,88.6,,
2416,17,1,85.0,,
2419,17,1,91.7,,
2420,17,1,87.6,-32.0,87.1
2421,17,1,90.7,,
2422,17,1,89.1,6.0,106.8
2423,17,1,88.1,,
2429,17,1,90.7,23.0,88.7
2430,17,1,87.7,-7.0,55.5
2431,17,1,90.2,,
2432,17,1,78.9,,
2433,17,1,87.4,,
2436,17,1,87.9,20.0,98.6
2438,17,1,89.2,,
2440,17,1,79.6,51.0,60.9
2444,17,1,88.3,12.0,97.9
2446,17,1,92.1,,
2447,17,1,88.4,45.0,80.7
2448,17,1,78.3,31.0,109.7
2449,17,1,80.4,,
2450,17,1,88.1,26.0,81.9
2452,17,1,80.3,,
2453,17,1,88.4,28.0,65.4
2454,17,1,90.4,,
2455,17,1,88.0,45.0,84.4
2456,17,1,91.7,-19.0,102.2
2458,17,1,91.2,-7.0,102.0
2459,17,1,88.2,-25.0,86.0
2460,17,1,88.6,24.0,101.6
2461,17,1,91.6,,
2462,17,1,76.7,28.0,94.8
2463,17,1,91.3,35.0,72.8
2465,17,1,88.5,17.0,100.4
2467,17,1,88.2,36.0,59.7
2469,17,1,92.0,30.0,84.2
2471,17,1,79.1,,
2472,17,1,79.2,,
2473,17,1,88.7,79.0,34.4
2474,17,1,85.1,,
2475,17,1,91.4,,
2479,17,1,88.9,,
2480,17,1,79.7,,
2482,17,1,91.4,41.0,97.2
2483,17,1,87.5,23.0,98.4
2485,17,1,88.8,-53.0,43.6
2488,17,1,88.4,75.0,83.5
2489,17,1,89.8,,
2490,17,1,91.2,,
2491,17,1,87.9,5.0,92.7
2492,17,1,89.4,13.0,109.0
2494,17,1,91.8,,
2497,17,1,88.6,64.0,90.4
2498,17,1,81.0,,
2500,17,1,89.0,,
2501,17,1,91.3,,
2502,17,1,80.2,,
2503,17,1,88.2,18.0,100.2
2507,17,1,91.8,-9.0,93.4
2509,17,1,88.5,,
2510,17,1,84.5,,
2512,17,1,86.8,23.0,71.4
2513,17,1,90.9,38.0,75.9
2514,17,1,87.2,,
2519,17,1,86.3,,
2520,17,1,79.6,,
2521,17,1,86.8,74.0,78.8
2523,17,1,90.7,60.0,72.1
2524,17,1,88.0,,
2525,17,1,88.0,63.0,65.0
2526,17,1,80.0,,
2527,17,1,90.8,,
2531,17,1,84.8,,
2533,17,1,91.5,,
2534,17,1,84.5,-20.0,82.5
2538,17,1,90.8,35.0,95.4
2540,17,1,91.1,,
2542,17,1,88.0,-21.0,95.9
2543,17,1,88.3,-9.0,89.2
2544,17,1,87.9,-7.0,102.6
2545,17,1,91.2,74.0,72.3
2549,17,1,87.9,26.0,75.0
2552,17,1,92.0,,
2553,17,1,89.1,,
2555,17,1,89.0,16.0,78.7
2556,17,1,92.8,,
2558,17,1,92.0,34.0,49.5
2559,17,1,80.1,20.0,60.8
2560,17,1,92.4,,
2561,17,1,89.2,32.0,93.6
2562,17,1,85.7,,
2564,17,1,92.2,,
2565,17,1,84.5,3.0,80.1
2567,17,1,88.0,42.0,81.2
2570,17,1,79.8,41.0,96.5
2571,17,1,92.4,41.0,69.0
2572,17,1,81.4,,
2573,17,1,93.1,,
2574,17,1,92.8,40.0,84.7
2575,17,1,89.4,,
2576,17,1,93.0,,
2577,17,6,94.6,,
2578,17,6,85.0,,
2579,17,6,96.2,,
2580,17,6,96.9,,
2581,17,6,96.4,49.0,75.0
2582,17,6,95.4,28.0,103.4
2583,17,6,89.0,,
2584,17,6,88.3,,
2585,17,6,96.5,,
2586,17,6,97.0,37.0,88.1
2587,17,6,95.6,,
2588,17,6,95.4,,
2589,17,6,85.5,14.0,105.4
2590,17,6,96.6,,
2591,17,6,94.9,-3.0,96.4
2592,17,6,83.6,18.0,95.4
2593,17,6,96.4,,
2594,17,6,96.3,48.0,67.4
2595,17,6,96.3,25.0,82.6
2596,17,6,83.2,,
2597,17,6,95.5,,
2598,17,6,82.2,27.0,97.1
2599,17,6,85.8,,
2600,17,6,86.3,9.0,97.3
2601,17,6,85.9,,
2602,17,6,85.3,,
2603,17,6,89.8,,
2604,17,6,86.6,,
2605,17,6,85.4,,
2606,17,6,97.0,-7.0,89.2
2607,17,6,98.2,,
2608,17,6,97.5,,
2610,17,6,84.4,,
2613,17,6,96.0,,
2614,17,6,89.7,,
2616,17,6,83.9,,
2617,17,6,85.0,-13.0,97.4
2618,17,6,97.3,,
2619,17,6,87.3,54.0,83.0
2621,17,6,94.8,,
2622,17,6,85.9,-22.0,89.1
2623,17,6,88.5,-26.0,69.7
2625,17,6,85.9,-10.0,89.2
2626,17,6,88.7,-29.0,71.4
2628,17,6,97.1,,
2630,17,6,86.2,,
2632,17,6,96.7,,
2633,17,6,82.7,,
2634,17,6,95.7,,
2636,17,6,97.5,62.0,67.4
2638,17,6,85.7,,
2641,17,6,84.6,,
2642,17,6,84.3,,
2645,17,6,85.2,,
2647,17,6,97.1,23.0,103.7
2648,17,6,97.0,21.0,75.9
2649,17,6,84.5,39.0,96.8
2651,17,6,95.1,,
2652,17,6,87.7,-67.0,52.9
2653,17,6,95.1,56.0,73.9
2654,17,6,94.1,,
2655,17,6,83.1,29.0,105.6
2656,17,6,84.1,,
2657,17,6,84.8,,
2658,17,6,95.9,27.0,102.9
2659,17,6,88.1,,
2660,17,6,95.9,,
2661,17,6,95.2,57.0,75.5
2662,17,6,95.8,60.0,78.1
2663,17,6,96.0,-79.0,69.6
2664,17,6,85.6,-40.0,50.3
2665,17,6,94.9,61.0,84.7
2667,17,6,94.9,,
2669,17,6,84.7,,
2671,17,6,88.9,,
2672,17,6,96.9,66.0,81.1
2673,17,6,96.1,52.0,80.7
2674,17,6,85.5,,
2676,17,6,85.1,3.0,110.5
2677,17,6,96.5,9.0,81.8
2678,17,6,84.9,0.0,103.9
2683,17,6,95.8,-21.0,84.9
2686,17,6,86.3,10.0,74.6
2687,17,6,88.7,,
2689,17,6,96.7,12.0,111.7
2690,17,6,95.3,-39.0,52.6
2694,17,6,96.1,,
2695,17,6,95.2,,
2696,17,6,95.0,,
2697,17,6,96.1,-8.0,98.7
2698,17,6,87.0,,
2699,17,6,95.7,-15.0,73.2
2700,17,6,95.8,62.0,84.5
2701,17,6,96.3,,
2703,17,6,83.8,,
2704,17,6,89.3,,
2705,17,6,85.1,-25.0,66.6
2707,17,6,97.2,,
2709,17,6,97.8,-4.0,97.3
2711,17,6,98.0,-53.0,62.4
2712,17,6,87.4,,
2713,17,6,98.0,48.0,86.6
2715,17,6,98.0,,
2716,17,6,97.8,,
2717,17,6,88.8,,
2718,17,6,86.0,,
2719,17,6,98.4,84.0,88.9
2720,17,6,97.7,,
2723,17,6,95.9,34.0,65.7
2724,17,2,94.1,35.0,90.3
2725,17,2,94.0,,
2726,17,2,82.0,,
2727,17,2,86.5,47.0,91.4
2728,17,2,94.4,,
2729,17,2,84.5,,
2730,17,2,93.1,,
2731,17,2,90.6,-16.0,72.8
2732,17,2,89.8,,
2733,17,2,92.6,-9.0,33.6
2734,17,2,80.9,,
2735,17,2,79.8,,
2736,17,2,82.3,,
2737,17,2,82.6,,
2738,17,2,91.0,36.0,68.3
2739,17,2,96.2,72.0,81.3
2740,17,2,95.5,,
2741,17,2,94.9,,
2742,17,2,94.5,68.0,78.3
2743,17,2,94.6,,
2744,17,2,86.2,57.0,79.5
2745,17,2,93.9,25.0,71.7
2746,17,2,86.7,,
2747,17,2,93.8,,
2748,17,2,93.3,46.0,72.6
2749,17,2,82.8,,
2750,17,2,87.1,-14.0,88.8
2751,17,2,95.8,13.0,78.3
2753,17,2,87.0,,
2754,17,2,88.8,,
2755,17,2,95.4,,
2756,17,2,95.3,,
2757,17,2,94.9,78.0,73.1
2758,17,2,95.2,,
2759,17,2,93.0,,
2760,17,2,94.1,,
2761,17,2,94.8,,
2762,17,2,94.9,-31.0,81.5
2764,17,2,86.4,,
2765,17,2,87.5,,
2766,17,2,88.6,,
2767,17,2,81.6,,
2768,17,2,94.2,-34.0,88.2
2769,17,2,93.5,,
2771,17,2,94.1,-2.0,96.8
2772,17,2,92.9,-2.0,97.5
2773,17,2,93.4,52.0,73.1
2774,17,2,92.4,,
2775,17,2,82.1,,
2777,17,2,88.3,,
2778,17,2,82.4,,
2779,17,2,82.5,,
2780,17,2,95.1,,
2781,17,2,95.0,,
2784,17,2,93.9,,
2785,17,2,92.9,,
2787,17,2,96.0,,
2788,17,2,95.3,58.0,68.8
2790,17,2,88.7,,
2791,17,2,89.6,,
2794,17,2,94.8,36.0,87.0
2795,17,2,94.2,,
2796,17,2,94.7,59.0,79.7
2797,17,2,90.6,,
2798,17,2,82.4,40.0,93.3
2800,17,2,90.0,,
2802,17,2,94.2,45.0,82.3
2803,17,2,81.6,-26.0,95.8
2804,17,2,93.8,-6.0,83.9
2805,17,2,86.2,49.0,67.8
2807,17,2,92.6,40.0,72.8
2808,17,2,79.2,,
2809,17,2,92.6,70.0,72.7
2810,17,2,79.9,49.0,53.2
2811,17,2,83.5,18.0,91.4
2812,17,2,90.9,,
2813,17,2,81.7,,
2814,17,2,77.7,,
2815,17,2,92.7,38.0,90.0
2816,17,2,90.3,51.0,74.4
2817,17,2,92.9,27.0,50.7
2818,17,2,92.8,,
2819,17,2,83.6,-43.0,30.8
2820,17,2,84.9,,
2821,17,2,92.5,,
2822,17,2,85.9,11.0,103.3
2824,17,2,89.3,-8.0,86.3
2825,17,2,87.3,,
2826,17,2,93.2,,
2827,17,2,79.1,-27.0,65.3
2828,17,2,89.8,47.0,76.1
2829,17,2,92.3,,
2830,17,2,91.9,,
2831,17,2,85.6,72.0,63.3
2832,17,2,85.1,,
2836,17,2,81.9,,
2837,17,2,94.8,4.0,101.3
2838,17,2,86.1,,
2839,17,2,85.5,,
2841,17,2,94.3,-32.0,68.0
2842,17,2,87.4,,
2843,17,2,95.8,,
2844,17,2,93.4,18.0,95.1
2845,17,2,89.1,,
2848,17,2,80.4,,
2849,17,2,84.9,22.0,84.3
2851,17,2,83.9,-57.0,50.9
2852,17,2,94.8,35.0,100.8
2853,17,2,86.9,,
2855,17,2,93.5,34.0,64.9
2857,17,2,93.1,50.0,55.1
2859,17,2,89.9,,
2861,17,2,95.0,33.0,74.4
2863,17,2,94.2,41.0,69.6
2865,17,2,86.3,,
2866,17,2,93.6,,
2868,17,2,93.0,25.0,94.1
2869,17,10,81.0,54.0,97.8
2870,17,10,83.6,,
2871,17,10,94.0,,
2872,17,10,81.4,,
2873,17,10,92.9,-23.0,87.4
2874,17,10,81.3,,
2875,17,10,94.4,,
2876,17,10,93.2,-16.0,86.1
2877,17,10,80.9,,
2879,17,10,81.2,,
2880,17,10,93.2,,
2881,17,10,90.6,,
2882,17,10,82.3,,
2883,17,10,83.2,,
2884,17,10,83.3,,
2885,17,10,82.9,,
2886,17,10,80.5,,
2887,17,10,91.9,-3.0,88.3
2889,17,10,83.0,,
2890,17,10,92.5,,
2891,17,10,89.5,,
2892,17,10,83.4,42.0,84.7
2893,17,10,92.1,,
2895,17,10,81.1,,
2901,17,10,78.8,16.0,83.4
2902,17,10,92.4,,
2903,17,10,91.8,38.0,91.1
2904,17,10,81.6,,
2905,17,10,94.6,7.0,96.9
2906,17,10,93.1,,
2907,17,10,93.1,22.0,57.4
2909,17,10,93.2,-24.0,44.0
2910,17,10,84.4,,
2911,17,10,93.1,-25.0,64.4
2912,17,10,79.7,-28.0,64.3
2913,17,10,95.1,,
2914,17,10,93.2,12.0,92.0
2917,17,10,93.6,-37.0,51.1
2918,17,10,78.9,,
2919,17,10,84.5,11.0,95.6
2921,17,10,84.0,,
2922,17,10,83.8,,
2923,17,10,83.7,,
2924,17,10,85.9,46.0,66.6
2925,17,10,92.3,,
2926,17,10,92.8,-24.0,93.1
2927,17,10,83.5,,
2928,17,10,93.7,50.0,90.7
2929,17,10,85.4,,
2930,17,10,84.2,-18.0,98.2
2932,17,10,76.9,,
2934,17,10,93.2,-51.0,88.0
2936,17,10,94.3,,
2938,17,10,96.7,,
2942,17,10,80.8,48.0,78.0
2944,17,10,80.0,,
2945,17,10,92.3,-6.0,105.8
2948,17,10,92.9,,
2949,17,10,84.1,,
2950,17,10,92.9,-2.0,111.3
2951,17,10,82.6,,
2952,17,10,91.5,-28.0,50.5
2953,17,10,91.3,,
2954,17,10,94.5,24.0,70.8
2955,17,10,84.3,0.0,52.2
2956,17,10,81.6,-52.0,67.1
2957,17,10,93.8,,
2958,17,10,85.0,,
2961,17,10,81.0,,
2962,17,10,94.2,-4.0,80.7
2964,17,10,93.4,-22.0,86.8
2965,17,10,93.4,,
2966,17,10,93.9,,
2967,17,10,82.4,20.0,60.1
2968,17,10,90.9,,
2969,17,10,82.2,,
2970,17,10,91.1,36.0,102.7
2971,17,10,90.5,,
2972,17,10,89.7,,
2974,17,10,90.6,5.0,99.6
2975,17,10,90.7,40.0,82.4
2976,17,10,91.1,12.0,100.2
2978,17,10,90.3,3.0,108.0
2981,17,10,90.3,10.0,109.7
2982,17,10,92.0,,
2983,17,10,81.7,,
2984,17,10,81.5,,
2985,17,10,79.2,-31.0,51.2
2986,17,10,94.0,-1.0,100.9
2988,17,10,82.8,,
2992,17,14,96.5,-3.0,99.2
2993,17,14,95.7,18.0,75.3
2994,17,14,95.2,,
2995,17,14,95.7,,
2996,17,14,96.4,,
2999,17,14,87.7,,
3000,17,14,97.0,44.0,76.1
3001,17,14,96.7,,
3002,17,14,96.8,,
3003,17,14,86.8,,
3004,17,14,96.3,,
3005,17,14,96.1,,
3006,17,14,95.7,-13.0,89.1
3007,17,14,97.2,,
3008,17,14,97.5,,
3011,17,14,96.5,,
3012,17,14,97.7,,
3013,17,14,84.3,63.0,79.9
3014,17,14,84.2,,
3016,17,14,95.8,,
3017,17,14,86.3,-36.0,85.3
3018,17,14,85.1,,
3019,17,14,86.6,-24.0,88.7
3020,17,14,96.6,41.0,80.4
3021,17,14,85.7,17.0,84.9
3022,17,14,86.2,,
3024,17,14,85.9,6.0,103.4
3025,17,14,95.1,,
3026,17,14,85.6,,
3027,17,14,97.0,53.0,79.6
3028,17,14,86.3,,
3029,17,14,84.8,,
3030,17,14,85.9,,
3031,17,14,85.3,-13.0,89.8
3034,17,14,95.4,,
3036,17,14,85.9,6.0,96.6
3037,17,14,86.0,,
3038,17,14,95.5,15.0,102.7
3039,17,14,95.0,,
3041,17,14,85.8,-2.0,98.2
3042,17,14,85.3,,
3043,17,14,89.0,,
3044,17,14,95.1,19.0,105.9
3045,17,14,85.2,,
3047,17,14,95.7,14.0,78.7
3049,17,14,85.5,,
3050,17,14,86.1,-46.0,70.4
3051,17,14,96.2,49.0,78.2
3054,17,14,97.0,22.0,77.0
3055,17,14,85.2,12.0,81.9
3057,17,14,85.7,,
3059,17,14,96.3,8.0,80.7
3061,17,14,96.2,,
3062,17,14,86.1,-59.0,29.5
3065,17,14,85.0,,
3067,17,14,97.4,14.0,109.3
3069,17,14,86.1,,
3074,17,14,86.6,,
3075,17,14,96.0,,
3077,17,14,86.9,,
3078,17,14,87.1,,
3081,17,9,73.7,,
3082,17,9,89.6,54.0,73.4
3083,17,9,89.3,39.0,71.1
3084,17,9,73.3,-27.0,78.2
3085,17,9,83.6,,
3086,17,9,82.8,-6.0,84.7
3087,17,9,82.9,,
3088,17,9,72.9,,
3089,17,9,88.2,30.0,89.3
3090,17,9,71.4,,
3091,17,9,86.5,36.0,102.3
3092,17,9,82.8,-11.0,96.4
3093,17,9,89.9,,
3094,17,9,80.9,,
3095,17,9,89.6,,
3096,17,9,73.3,,
3097,17,9,88.8,60.0,77.1
3098,17,9,83.2,,
3099,17,9,88.3,,
3100,17,9,72.4,,
3101,17,9,82.0,6.0,96.1
3102,17,9,89.7,43.0,88.0
3104,17,9,88.8,,
3105,17,9,82.6,,
3106,17,9,72.5,16.0,106.5
3107,17,9,88.9,,
3108,17,9,71.9,9.0,88.6
3109,17,9,83.4,12.0,95.2
3110,17,9,88.6,,
3111,17,9,82.3,,
3112,17,9,70.9,,
